id,date,day_of_week,period,subject,teacher,room,time_start,time_end,created_at,grade,attendance_weight,is_cuttable,exam_materials_url,syllabus_url,academic_year,term_number,university_name,department_name,department_summary,activity_scope
550e8400-e29b-41d4-a716-000000000001,2026-04-13,月,1,自然科学入門[物理],大塚,看護大4,08:50:00,10:20:00,2026-04-01 00:00:00+00,1,,false,,,,,,,,
550e8400-e29b-41d4-a716-000000000002,2026-04-13,月,2,自然科学入門[生物],切畠,特別講義室,10:30:00,12:00:00,2026-04-01 00:00:00+00,1,,false,,,,,,,,
550e8400-e29b-41d4-a716-000000000003,2026-04-13,月,3,独語Ⅰ,トロースト,講義302,13:00:00,14:30:00,2026-04-01 00:00:00+00,1,,false,,,,,,,,
550e8400-e29b-41d4-a716-000000000004,2026-04-13,月,4,心理行動科学Ⅰ,田中,特別講義室,14:40:00,16:10:00,2026-04-01 00:00:00+00,1,,false,,,,,,,,
550e8400-e29b-41d4-a716-000000000005,2026-04-14,火,1,人間科学ゼミナールⅠ,総合人間科学講座教員,各教室,08:50:00,10:20:00,2026-04-01 00:00:00+00,1,,false,,,,,,,,
550e8400-e29b-41d4-a716-000000000006,2026-04-14,火,2,基礎生物学Ⅰ,前田,特別講義室,10:30:00,12:00:00,2026-04-01 00:00:00+00,1,,false,,,,,,,,
550e8400-e29b-41d4-a716-000000000007,2026-04-14,火,3,医療法学Ⅰ,大磯,特別講義室,13:00:00,14:30:00,2026-04-01 00:00:00+00,1,,false,,,,,,,,
550e8400-e29b-41d4-a716-000000000008,2026-04-15,水,1,医学概論Ⅰ,,特別講義室,08:50:00,10:20:00,2026-04-01 00:00:00+00,1,,false,,,,,,,,
550e8400-e29b-41d4-a716-000000000009,2026-04-15,水,2,医学概論Ⅰ,,特別講義室,10:30:00,12:00:00,2026-04-01 00:00:00+00,1,,false,,,,,,,,
550e8400-e29b-41d4-a716-000000000010,2026-04-15,水,3,人間科学ゼミナールⅠ,総合人間科学講座教員,各教室,13:00:00,14:30:00,2026-04-01 00:00:00+00,1,,false,,,,,,,,
550e8400-e29b-41d4-a716-000000000011,2026-04-16,木,1,哲学,長田,特別講義室,08:50:00,10:20:00,2026-04-01 00:00:00+00,1,,false,,,,,,,,
550e8400-e29b-41d4-a716-000000000012,2026-04-17,金,1,データサイエンス,齊藤,特別講義室,08:50:00,10:20:00,2026-04-01 00:00:00+00,1,,false,,,,,,,,
550e8400-e29b-41d4-a716-000000000013,2026-04-18,土,1,新入生英語セミナー①,中安他,特別講義室,08:50:00,10:20:00,2026-04-01 00:00:00+00,1,,false,,,,,,,,
550e8400-e29b-41d4-a716-000000000014,2026-04-18,土,2,物理科学Ⅰ,三浦,特別講義室,10:30:00,12:00:00,2026-04-01 00:00:00+00,1,,false,,,,,,,,
550e8400-e29b-41d4-a716-000000000015,2026-04-18,土,3,医療人類学,鈴木勝,特別講義室,13:00:00,14:30:00,2026-04-01 00:00:00+00,1,,false,,,,,,,,
550e8400-e29b-41d4-a716-000000000016,2026-04-18,土,4,医療人類学,鈴木勝,特別講義室,14:40:00,16:10:00,2026-04-01 00:00:00+00,1,,false,,,,,,,,
550e8400-e29b-41d4-a716-000000000017,2026-04-21,火,1,数理科学Ⅰ,古屋,特別講義室,08:50:00,10:20:00,2026-04-01 00:00:00+00,1,,false,,,,,,,,
550e8400-e29b-41d4-a716-000000000018,2026-04-21,火,2,医療経済・社会学,谷口,特別講義室,10:30:00,12:00:00,2026-04-01 00:00:00+00,1,,false,,,,,,,,
550e8400-e29b-41d4-a716-000000000019,2026-04-22,水,1,医学概論Ⅰ,,特別講義室,08:50:00,10:20:00,2026-04-01 00:00:00+00,1,,false,,,,,,,,
550e8400-e29b-41d4-a716-000000000020,2026-04-22,水,2,医学概論Ⅰ,,特別講義室,10:30:00,12:00:00,2026-04-01 00:00:00+00,1,,false,,,,,,,,
550e8400-e29b-41d4-a716-000000000021,2026-04-23,木,1,哲学,長田,特別講義室,08:50:00,10:20:00,2026-04-01 00:00:00+00,1,,false,,,,,,,,
550e8400-e29b-41d4-a716-000000000022,2026-04-23,木,2,基礎生物学Ⅰ,前田,特別講義室,10:30:00,12:00:00,2026-04-01 00:00:00+00,1,,false,,,,,,,,
550e8400-e29b-41d4-a716-000000000023,2026-04-23,木,3,医療法学Ⅰ,大磯,特別講義室,13:00:00,14:30:00,2026-04-01 00:00:00+00,1,,false,,,,,,,,
550e8400-e29b-41d4-a716-000000000024,2026-04-24,金,2,医学概論Ⅰ,,特別講義室,10:30:00,12:00:00,2026-04-01 00:00:00+00,1,,false,,,,,,,,
550e8400-e29b-41d4-a716-000000000025,2026-04-24,金,3,医学概論Ⅰ,,特別講義室,13:00:00,14:30:00,2026-04-01 00:00:00+00,1,,false,,,,,,,,
550e8400-e29b-41d4-a716-000000000026,2026-04-24,金,4,心理行動科学Ⅰ,田中,特別講義室,14:40:00,16:10:00,2026-04-01 00:00:00+00,1,,false,,,,,,,,
550e8400-e29b-41d4-a716-000000000027,2026-04-25,土,1,新入生英語セミナー②,中安他,4分割,08:50:00,10:20:00,2026-04-01 00:00:00+00,1,,false,,,,,,,,
550e8400-e29b-41d4-a716-000000000028,2026-04-25,土,2,物理科学Ⅰ,三浦,特別講義室,10:30:00,12:00:00,2026-04-01 00:00:00+00,1,,false,,,,,,,,
550e8400-e29b-41d4-a716-000000000029,2026-04-25,土,3,データサイエンス,中村,特別講義室,13:00:00,14:30:00,2026-04-01 00:00:00+00,1,,false,,,,,,,,
550e8400-e29b-41d4-a716-000000000030,2026-04-26,日,2,物質科学Ⅰ,黒野・アナン,特別講義室,10:30:00,12:00:00,2026-04-01 00:00:00+00,1,,false,,,,,,,,
550e8400-e29b-41d4-a716-000000000031,2026-04-26,日,3,医学概論Ⅰ,,特別講義室,13:00:00,14:30:00,2026-04-01 00:00:00+00,1,,false,,,,,,,,
550e8400-e29b-41d4-a716-000000000032,2026-04-26,日,4,医学概論Ⅰ,,特別講義室,14:40:00,16:10:00,2026-04-01 00:00:00+00,1,,false,,,,,,,,
550e8400-e29b-41d4-a716-000000000033,2026-04-27,月,1,自然科学入門[物理],大塚,看護大4,08:50:00,10:20:00,2026-04-01 00:00:00+00,1,,false,,,,,,,,
550e8400-e29b-41d4-a716-000000000034,2026-04-27,月,2,自然科学入門[生物],切畠,特別講義室,10:30:00,12:00:00,2026-04-01 00:00:00+00,1,,false,,,,,,,,
550e8400-e29b-41d4-a716-000000000035,2026-04-27,月,3,独語Ⅰ,トロースト,講義302,13:00:00,14:30:00,2026-04-01 00:00:00+00,1,,false,,,,,,,,
550e8400-e29b-41d4-a716-000000000036,2026-04-27,月,4,医療経済・社会学,谷口,特別講義室,14:40:00,16:10:00,2026-04-01 00:00:00+00,1,,false,,,,,,,,
550e8400-e29b-41d4-a716-000000000037,2026-04-27,月,5,医学概論Ⅰ,,特別講義室,16:20:00,17:50:00,2026-04-01 00:00:00+00,1,,false,,,,,,,,
550e8400-e29b-41d4-a716-000000000038,2026-04-28,火,1,自然科学入門[物理],大塚,看護大4,08:50:00,10:20:00,2026-04-01 00:00:00+00,1,,false,,,,,,,,
550e8400-e29b-41d4-a716-000000000039,2026-04-28,火,2,自然科学入門[生物],切畠,特別講義室,10:30:00,12:00:00,2026-04-01 00:00:00+00,1,,false,,,,,,,,
550e8400-e29b-41d4-a716-000000000040,2026-04-28,火,3,独語Ⅰ,トロースト,講義302,13:00:00,14:30:00,2026-04-01 00:00:00+00,1,,false,,,,,,,,
550e8400-e29b-41d4-a716-000000000041,2026-04-28,火,4,医療経済・社会学,谷口,特別講義室,14:40:00,16:10:00,2026-04-01 00:00:00+00,1,,false,,,,,,,,
550e8400-e29b-41d4-a716-000000000042,2026-04-28,火,5,医学概論Ⅰ,,特別講義室,16:20:00,17:50:00,2026-04-01 00:00:00+00,1,,false,,,,,,,,
550e8400-e29b-41d4-a716-000000000043,2026-04-29,水,1,数理科学Ⅰ,古屋,特別講義室,08:50:00,10:20:00,2026-04-01 00:00:00+00,1,,false,,,,,,,,
550e8400-e29b-41d4-a716-000000000044,2026-04-29,水,2,物質科学Ⅰ,黒野・アナン,特別講義室,10:30:00,12:00:00,2026-04-01 00:00:00+00,1,,false,,,,,,,,
550e8400-e29b-41d4-a716-000000000045,2026-04-29,水,3,医学概論Ⅰ,,特別講義室,13:00:00,14:30:00,2026-04-01 00:00:00+00,1,,false,,,,,,,,
550e8400-e29b-41d4-a716-000000000046,2026-04-29,水,4,医学概論Ⅰ,,特別講義室,14:40:00,16:10:00,2026-04-01 00:00:00+00,1,,false,,,,,,,,
550e8400-e29b-41d4-a716-000000000047,2026-04-29,水,5,心理行動科学Ⅰ,田中,特別講義室,16:20:00,17:50:00,2026-04-01 00:00:00+00,1,,false,,,,,,,,
550e8400-e29b-41d4-a716-000000000048,2026-04-30,木,1,哲学,長田,特別講義室,08:50:00,10:20:00,2026-04-01 00:00:00+00,1,,false,,,,,,,,
550e8400-e29b-41d4-a716-000000000049,2026-04-30,木,2,数理科学Ⅰ,古屋,特別講義室,10:30:00,12:00:00,2026-04-01 00:00:00+00,1,,false,,,,,,,,
550e8400-e29b-41d4-a716-000000000050,2026-05-02,土,1,医学概論Ⅰ,,特別講義室,08:50:00,10:20:00,2026-04-01 00:00:00+00,1,,false,,,,,,,,
550e8400-e29b-41d4-a716-000000000051,2026-05-02,土,2,心理行動科学Ⅰ,田中,特別講義室,10:30:00,12:00:00,2026-04-01 00:00:00+00,1,,false,,,,,,,,
550e8400-e29b-41d4-a716-000000000052,2026-05-02,土,3,医療人類学,鈴木勝,特別講義室,13:00:00,14:30:00,2026-04-01 00:00:00+00,1,,false,,,,,,,,
550e8400-e29b-41d4-a716-000000000053,2026-05-07,木,1,哲学,長田,特別講義室,08:50:00,10:20:00,2026-04-01 00:00:00+00,1,,false,,,,,,,,
550e8400-e29b-41d4-a716-000000000054,2026-05-12,火,1,解剖学Ⅰ[総論],佐藤康,特別講義室,08:50:00,10:20:00,2026-04-01 00:00:00+00,1,,false,,,,,,,,
550e8400-e29b-41d4-a716-000000000055,2026-05-12,火,2,解剖学Ⅰ[総論],佐藤康,特別講義室,10:30:00,12:00:00,2026-04-01 00:00:00+00,1,,false,,,,,,,,
550e8400-e29b-41d4-a716-000000000056,2026-05-12,火,3,基礎生物学Ⅰ,前田,特別講義室,13:00:00,14:30:00,2026-04-01 00:00:00+00,1,,false,,,,,,,,
550e8400-e29b-41d4-a716-000000000057,2026-05-12,火,4,医療法学Ⅰ,大磯,特別講義室,14:40:00,16:10:00,2026-04-01 00:00:00+00,1,,false,,,,,,,,
550e8400-e29b-41d4-a716-000000000058,2026-05-13,水,1,自然科学入門[物理],大塚,看護大4,08:50:00,10:20:00,2026-04-01 00:00:00+00,1,,false,,,,,,,,
550e8400-e29b-41d4-a716-000000000059,2026-05-13,水,2,自然科学入門[生物],切畠,特別講義室,10:30:00,12:00:00,2026-04-01 00:00:00+00,1,,false,,,,,,,,
550e8400-e29b-41d4-a716-000000000060,2026-05-13,水,3,独語Ⅰ,トロースト,講義302,13:00:00,14:30:00,2026-04-01 00:00:00+00,1,,false,,,,,,,,
550e8400-e29b-41d4-a716-000000000061,2026-05-14,木,1,哲学,長田,特別講義室,08:50:00,10:20:00,2026-04-01 00:00:00+00,1,,false,,,,,,,,
550e8400-e29b-41d4-a716-000000000062,2026-05-14,木,2,数理科学Ⅰ,古屋,特別講義室,10:30:00,12:00:00,2026-04-01 00:00:00+00,1,,false,,,,,,,,
550e8400-e29b-41d4-a716-000000000063,2026-05-14,木,3,医療経済・社会学,谷口,特別講義室,13:00:00,14:30:00,2026-04-01 00:00:00+00,1,,false,,,,,,,,
550e8400-e29b-41d4-a716-000000000064,2026-05-14,木,4,データサイエンス,小俣・上島,特別講義室,14:40:00,16:10:00,2026-04-01 00:00:00+00,1,,false,,,,,,,,
550e8400-e29b-41d4-a716-000000000065,2026-05-15,金,1,医学概論Ⅰ,,特別講義室,08:50:00,10:20:00,2026-04-01 00:00:00+00,1,,false,,,,,,,,
550e8400-e29b-41d4-a716-000000000066,2026-05-15,金,2,物理科学Ⅰ,三浦,特別講義室,10:30:00,12:00:00,2026-04-01 00:00:00+00,1,,false,,,,,,,,
550e8400-e29b-41d4-a716-000000000067,2026-05-15,金,3,数理科学Ⅰ,古屋,特別講義室,13:00:00,14:30:00,2026-04-01 00:00:00+00,1,,false,,,,,,,,
550e8400-e29b-41d4-a716-000000000068,2026-05-15,金,4,医療経済・社会学,谷口,特別講義室,14:40:00,16:10:00,2026-04-01 00:00:00+00,1,,false,,,,,,,,
550e8400-e29b-41d4-a716-000000000069,2026-05-16,土,1,新入生英語セミナー③,中安他,4分割,08:50:00,10:20:00,2026-04-01 00:00:00+00,1,,false,,,,,,,,
550e8400-e29b-41d4-a716-000000000070,2026-05-16,土,2,物理科学Ⅰ,三浦,特別講義室,10:30:00,12:00:00,2026-04-01 00:00:00+00,1,,false,,,,,,,,
550e8400-e29b-41d4-a716-000000000071,2026-05-16,土,3,医療人類学,鈴木勝,特別講義室,13:00:00,14:30:00,2026-04-01 00:00:00+00,1,,false,,,,,,,,
550e8400-e29b-41d4-a716-000000000072,2026-05-16,土,4,データサイエンス,有馬,特別講義室,14:40:00,16:10:00,2026-04-01 00:00:00+00,1,,false,,,,,,,,
550e8400-e29b-41d4-a716-000000000073,2026-05-19,火,1,解剖学Ⅰ[総論],佐藤智,特別講義室,08:50:00,10:20:00,2026-04-01 00:00:00+00,1,,false,,,,,,,,
550e8400-e29b-41d4-a716-000000000074,2026-05-21,木,1,哲学,長田,特別講義室,08:50:00,10:20:00,2026-04-01 00:00:00+00,1,,false,,,,,,,,
550e8400-e29b-41d4-a716-000000000075,2026-05-22,金,1,医学概論Ⅰ,,特別講義室,08:50:00,10:20:00,2026-04-01 00:00:00+00,1,,false,,,,,,,,
550e8400-e29b-41d4-a716-000000000076,2026-05-22,金,2,医学概論Ⅰ,,特別講義室,10:30:00,12:00:00,2026-04-01 00:00:00+00,1,,false,,,,,,,,
550e8400-e29b-41d4-a716-000000000077,2026-05-22,金,3,人間科学ゼミナールⅠ,総合人間科学講座教員,各教室,13:00:00,14:30:00,2026-04-01 00:00:00+00,1,,false,,,,,,,,
550e8400-e29b-41d4-a716-000000000078,2026-05-25,月,1,物質科学Ⅰ,黒野・アナン,特別講義室,08:50:00,10:20:00,2026-04-01 00:00:00+00,1,,false,,,,,,,,
550e8400-e29b-41d4-a716-000000000079,2026-05-25,月,2,医学概論Ⅰ,,特別講義室,10:30:00,12:00:00,2026-04-01 00:00:00+00,1,,false,,,,,,,,
550e8400-e29b-41d4-a716-000000000080,2026-05-25,月,3,医学概論Ⅰ,,特別講義室,13:00:00,14:30:00,2026-04-01 00:00:00+00,1,,false,,,,,,,,
550e8400-e29b-41d4-a716-000000000081,2026-05-25,月,4,心理行動科学Ⅰ,田中,特別講義室,14:40:00,16:10:00,2026-04-01 00:00:00+00,1,,false,,,,,,,,
550e8400-e29b-41d4-a716-000000000082,2026-05-26,火,1,解剖学Ⅰ[総論],小西,特別講義室,08:50:00,10:20:00,2026-04-01 00:00:00+00,1,,false,,,,,,,,
550e8400-e29b-41d4-a716-000000000083,2026-05-26,火,3,基礎生物学Ⅰ,前田,特別講義室,13:00:00,14:30:00,2026-04-01 00:00:00+00,1,,false,,,,,,,,
550e8400-e29b-41d4-a716-000000000084,2026-05-26,火,4,医療法学Ⅰ,大磯,特別講義室,14:40:00,16:10:00,2026-04-01 00:00:00+00,1,,false,,,,,,,,
550e8400-e29b-41d4-a716-000000000085,2026-05-27,水,1,解剖学Ⅰ[総論],佐藤康,特別講義室,08:50:00,10:20:00,2026-04-01 00:00:00+00,1,,false,,,,,,,,
550e8400-e29b-41d4-a716-000000000086,2026-05-27,水,2,解剖学Ⅰ[総論],佐藤康,特別講義室,10:30:00,12:00:00,2026-04-01 00:00:00+00,1,,false,,,,,,,,
550e8400-e29b-41d4-a716-000000000087,2026-05-27,水,3,基礎生物学Ⅰ,前田,特別講義室,13:00:00,14:30:00,2026-04-01 00:00:00+00,1,,false,,,,,,,,
550e8400-e29b-41d4-a716-000000000088,2026-05-27,水,4,医療法学Ⅰ,大磯,特別講義室,14:40:00,16:10:00,2026-04-01 00:00:00+00,1,,false,,,,,,,,
550e8400-e29b-41d4-a716-000000000089,2026-05-28,木,1,医学概論Ⅰ,,特別講義室,08:50:00,10:20:00,2026-04-01 00:00:00+00,1,,false,,,,,,,,
550e8400-e29b-41d4-a716-000000000090,2026-05-28,木,2,物質科学Ⅰ,黒野・アナン,特別講義室,10:30:00,12:00:00,2026-04-01 00:00:00+00,1,,false,,,,,,,,
550e8400-e29b-41d4-a716-000000000091,2026-05-28,木,3,医学概論Ⅰ,,特別講義室,13:00:00,14:30:00,2026-04-01 00:00:00+00,1,,false,,,,,,,,
550e8400-e29b-41d4-a716-000000000092,2026-05-28,木,4,解剖学Ⅰ[総論],佐藤智,特別講義室,14:40:00,16:10:00,2026-04-01 00:00:00+00,1,,false,,,,,,,,
550e8400-e29b-41d4-a716-000000000093,2026-05-29,金,1,新入生英語セミナー⑥,中安他,特別講義室,08:50:00,10:20:00,2026-04-01 00:00:00+00,1,,false,,,,,,,,
550e8400-e29b-41d4-a716-000000000094,2026-05-29,金,2,物理科学Ⅰ,三浦,特別講義室,10:30:00,12:00:00,2026-04-01 00:00:00+00,1,,false,,,,,,,,
550e8400-e29b-41d4-a716-000000000095,2026-05-30,土,1,医療人類学,鈴木勝,特別講義室,08:50:00,10:20:00,2026-04-01 00:00:00+00,1,,false,,,,,,,,
550e8400-e29b-41d4-a716-000000000096,2026-05-30,土,2,医療人類学,鈴木勝,特別講義室,10:30:00,12:00:00,2026-04-01 00:00:00+00,1,,false,,,,,,,,
550e8400-e29b-41d4-a716-000000000097,2026-05-30,土,3,データサイエンス,小俣・上島,特別講義室,13:00:00,14:30:00,2026-04-01 00:00:00+00,1,,false,,,,,,,,
550e8400-e29b-41d4-a716-000000000098,2026-05-31,日,1,医療人類学,首藤,特別講義室,08:50:00,10:20:00,2026-04-01 00:00:00+00,1,,false,,,,,,,,
550e8400-e29b-41d4-a716-000000000099,2026-05-31,日,2,医療人類学,首藤,特別講義室,10:30:00,12:00:00,2026-04-01 00:00:00+00,1,,false,,,,,,,,
550e8400-e29b-41d4-a716-000000000100,2026-05-31,日,3,人間科学ゼミナールⅠ,総合人間科学講座教員,各教室,13:00:00,14:30:00,2026-04-01 00:00:00+00,1,,false,,,,,,,,
550e8400-e29b-41d4-a716-000000000101,2026-06-01,月,1,物質科学Ⅰ,黒野・アナン,特別講義室,08:50:00,10:20:00,2026-04-01 00:00:00+00,1,,false,,,,,,,,
550e8400-e29b-41d4-a716-000000000102,2026-06-01,月,2,医学概論Ⅰ,,特別講義室,10:30:00,12:00:00,2026-04-01 00:00:00+00,1,,false,,,,,,,,
550e8400-e29b-41d4-a716-000000000103,2026-06-01,月,3,医学概論Ⅰ,,特別講義室,13:00:00,14:30:00,2026-04-01 00:00:00+00,1,,false,,,,,,,,
550e8400-e29b-41d4-a716-000000000104,2026-06-01,月,4,心理行動科学Ⅰ,田中,特別講義室,14:40:00,16:10:00,2026-04-01 00:00:00+00,1,,false,,,,,,,,
550e8400-e29b-41d4-a716-000000000105,2026-06-02,火,1,解剖学Ⅰ[総論],若山,特別講義室,08:50:00,10:20:00,2026-04-01 00:00:00+00,1,,false,,,,,,,,
550e8400-e29b-41d4-a716-000000000106,2026-06-02,火,2,解剖学Ⅰ[総論],若山,特別講義室,10:30:00,12:00:00,2026-04-01 00:00:00+00,1,,false,,,,,,,,
550e8400-e29b-41d4-a716-000000000107,2026-06-02,火,3,基礎生物学Ⅰ,前田,特別講義室,13:00:00,14:30:00,2026-04-01 00:00:00+00,1,,false,,,,,,,,
550e8400-e29b-41d4-a716-000000000108,2026-06-02,火,4,医療法学Ⅰ,大磯,特別講義室,14:40:00,16:10:00,2026-04-01 00:00:00+00,1,,false,,,,,,,,
550e8400-e29b-41d4-a716-000000000109,2026-06-03,水,1,医学概論Ⅰ,,特別講義室,08:50:00,10:20:00,2026-04-01 00:00:00+00,1,,false,,,,,,,,
550e8400-e29b-41d4-a716-000000000110,2026-06-03,水,2,医学概論Ⅰ,,特別講義室,10:30:00,12:00:00,2026-04-01 00:00:00+00,1,,false,,,,,,,,
550e8400-e29b-41d4-a716-000000000111,2026-06-03,水,3,人間科学ゼミナールⅠ,総合人間科学講座教員,各教室,13:00:00,14:30:00,2026-04-01 00:00:00+00,1,,false,,,,,,,,
550e8400-e29b-41d4-a716-000000000112,2026-06-04,木,1,哲学,長田,特別講義室,08:50:00,10:20:00,2026-04-01 00:00:00+00,1,,false,,,,,,,,
550e8400-e29b-41d4-a716-000000000113,2026-06-04,木,2,数理科学Ⅰ,古屋,特別講義室,10:30:00,12:00:00,2026-04-01 00:00:00+00,1,,false,,,,,,,,
550e8400-e29b-41d4-a716-000000000114,2026-06-04,木,3,データサイエンス,鈴木哲,特別講義室,13:00:00,14:30:00,2026-04-01 00:00:00+00,1,,false,,,,,,,,
550e8400-e29b-41d4-a716-000000000115,2026-06-04,木,4,データサイエンス,小俣・上島,特別講義室,14:40:00,16:10:00,2026-04-01 00:00:00+00,1,,false,,,,,,,,
550e8400-e29b-41d4-a716-000000000116,2026-06-05,金,1,物理科学Ⅰ,三浦,特別講義室,08:50:00,10:20:00,2026-04-01 00:00:00+00,1,,false,,,,,,,,
550e8400-e29b-41d4-a716-000000000117,2026-06-09,火,1,解剖学Ⅰ[総論],華表,特別講義室,08:50:00,10:20:00,2026-04-01 00:00:00+00,1,,false,,,,,,,,
550e8400-e29b-41d4-a716-000000000118,2026-06-09,火,2,解剖学Ⅰ[総論],華表,特別講義室,10:30:00,12:00:00,2026-04-01 00:00:00+00,1,,false,,,,,,,,
550e8400-e29b-41d4-a716-000000000119,2026-06-09,火,3,基礎生物学Ⅰ,前田,特別講義室,13:00:00,14:30:00,2026-04-01 00:00:00+00,1,,false,,,,,,,,
550e8400-e29b-41d4-a716-000000000120,2026-06-10,水,1,医学概論Ⅰ,,特別講義室,08:50:00,10:20:00,2026-04-01 00:00:00+00,1,,false,,,,,,,,
550e8400-e29b-41d4-a716-000000000121,2026-06-10,水,2,医学概論Ⅰ,,特別講義室,10:30:00,12:00:00,2026-04-01 00:00:00+00,1,,false,,,,,,,,
550e8400-e29b-41d4-a716-000000000122,2026-06-10,水,3,人間科学ゼミナールⅠ,総合人間科学講座教員,各教室,13:00:00,14:30:00,2026-04-01 00:00:00+00,1,,false,,,,,,,,
550e8400-e29b-41d4-a716-000000000123,2026-06-11,木,1,哲学,長田,特別講義室,08:50:00,10:20:00,2026-04-01 00:00:00+00,1,,false,,,,,,,,
550e8400-e29b-41d4-a716-000000000124,2026-06-11,木,2,数理科学Ⅰ,古屋,特別講義室,10:30:00,12:00:00,2026-04-01 00:00:00+00,1,,false,,,,,,,,
550e8400-e29b-41d4-a716-000000000125,2026-06-11,木,3,データサイエンス,福田,特別講義室,13:00:00,14:30:00,2026-04-01 00:00:00+00,1,,false,,,,,,,,
550e8400-e29b-41d4-a716-000000000126,2026-06-11,木,4,医療人類学,辻内,特別講義室,14:40:00,16:10:00,2026-04-01 00:00:00+00,1,,false,,,,,,,,
550e8400-e29b-41d4-a716-000000000127,2026-06-12,金,1,物理科学Ⅰ,三浦,特別講義室,08:50:00,10:20:00,2026-04-01 00:00:00+00,1,,false,,,,,,,,
550e8400-e29b-41d4-a716-000000000128,2026-06-12,金,2,医療人類学,鈴木勝,特別講義室,10:30:00,12:00:00,2026-04-01 00:00:00+00,1,,false,,,,,,,,
550e8400-e29b-41d4-a716-000000000129,2026-06-12,金,3,医療人類学,鈴木勝,特別講義室,13:00:00,14:30:00,2026-04-01 00:00:00+00,1,,false,,,,,,,,
550e8400-e29b-41d4-a716-000000000130,2026-06-16,火,1,物質科学Ⅰ,黒野・アナン,特別講義室,08:50:00,10:20:00,2026-04-01 00:00:00+00,1,,false,,,,,,,,
550e8400-e29b-41d4-a716-000000000131,2026-06-16,火,2,医学概論Ⅰ,,特別講義室,10:30:00,12:00:00,2026-04-01 00:00:00+00,1,,false,,,,,,,,
550e8400-e29b-41d4-a716-000000000132,2026-06-16,火,3,医学概論Ⅰ,,特別講義室,13:00:00,14:30:00,2026-04-01 00:00:00+00,1,,false,,,,,,,,
550e8400-e29b-41d4-a716-000000000133,2026-06-16,火,4,心理行動科学Ⅰ,田中,特別講義室,14:40:00,16:10:00,2026-04-01 00:00:00+00,1,,false,,,,,,,,
550e8400-e29b-41d4-a716-000000000134,2026-06-17,水,1,医学概論Ⅰ,,特別講義室,08:50:00,10:20:00,2026-04-01 00:00:00+00,1,,false,,,,,,,,
550e8400-e29b-41d4-a716-000000000135,2026-06-17,水,2,医学概論Ⅰ,,特別講義室,10:30:00,12:00:00,2026-04-01 00:00:00+00,1,,false,,,,,,,,
550e8400-e29b-41d4-a716-000000000136,2026-06-18,木,1,医学概論Ⅰ,,特別講義室,08:50:00,10:20:00,2026-04-01 00:00:00+00,1,,false,,,,,,,,
550e8400-e29b-41d4-a716-000000000137,2026-06-18,木,2,医学概論Ⅰ,,特別講義室,10:30:00,12:00:00,2026-04-01 00:00:00+00,1,,false,,,,,,,,
550e8400-e29b-41d4-a716-000000000138,2026-06-18,木,3,人間科学ゼミナールⅠ,総合人間科学講座教員,各教室,13:00:00,14:30:00,2026-04-01 00:00:00+00,1,,false,,,,,,,,
550e8400-e29b-41d4-a716-000000000139,2026-06-19,金,1,物理科学Ⅰ,三浦,特別講義室,08:50:00,10:20:00,2026-04-01 00:00:00+00,1,,false,,,,,,,,
550e8400-e29b-41d4-a716-000000000140,2026-06-23,火,1,解剖学Ⅰ[総論],瀬藤,特別講義室,08:50:00,10:20:00,2026-04-01 00:00:00+00,1,,false,,,,,,,,
550e8400-e29b-41d4-a716-000000000141,2026-06-23,火,2,解剖学Ⅰ[総論],瀬藤,特別講義室,10:30:00,12:00:00,2026-04-01 00:00:00+00,1,,false,,,,,,,,
550e8400-e29b-41d4-a716-000000000142,2026-06-23,火,3,基礎生物学Ⅰ,前田,特別講義室,13:00:00,14:30:00,2026-04-01 00:00:00+00,1,,false,,,,,,,,
550e8400-e29b-41d4-a716-000000000143,2026-06-23,火,4,医療法学Ⅰ,大磯,特別講義室,14:40:00,16:10:00,2026-04-01 00:00:00+00,1,,false,,,,,,,,
550e8400-e29b-41d4-a716-000000000144,2026-06-25,木,1,解剖学Ⅰ[総論],佐藤・瀬藤,臨床大,08:50:00,10:20:00,2026-04-01 00:00:00+00,1,,false,,,,,,,,
550e8400-e29b-41d4-a716-000000000145,2026-06-25,木,2,哲学,長田,臨床大,10:30:00,12:00:00,2026-04-01 00:00:00+00,1,,false,,,,,,,,
550e8400-e29b-41d4-a716-000000000146,2026-06-25,木,3,数理科学Ⅰ,古屋,臨床大,13:00:00,14:30:00,2026-04-01 00:00:00+00,1,,false,,,,,,,,
550e8400-e29b-41d4-a716-000000000147,2026-06-25,木,4,人間科学ゼミナールⅠ,総合人間科学講座教員,各教室,14:40:00,16:10:00,2026-04-01 00:00:00+00,1,,false,,,,,,,,
550e8400-e29b-41d4-a716-000000000148,2026-06-26,金,1,物理科学Ⅰ,三浦,臨床大,08:50:00,10:20:00,2026-04-01 00:00:00+00,1,,false,,,,,,,,
550e8400-e29b-41d4-a716-000000000149,2026-06-27,土,1,医療人類学,辻内,特別講義室,08:50:00,10:20:00,2026-04-01 00:00:00+00,1,,false,,,,,,,,
550e8400-e29b-41d4-a716-000000000150,2026-06-29,月,1,物質科学Ⅰ,黒野・アナン,臨床大,08:50:00,10:20:00,2026-04-01 00:00:00+00,1,,false,,,,,,,,
550e8400-e29b-41d4-a716-000000000151,2026-06-29,月,2,基礎生物学Ⅰ,前田,臨床大,10:30:00,12:00:00,2026-04-01 00:00:00+00,1,,false,,,,,,,,
550e8400-e29b-41d4-a716-000000000152,2026-06-29,月,3,医療法学Ⅰ,大磯,臨床大,13:00:00,14:30:00,2026-04-01 00:00:00+00,1,,false,,,,,,,,
550e8400-e29b-41d4-a716-000000000153,2026-06-29,月,4,医療経済・社会学,谷口,臨床大,14:40:00,16:10:00,2026-04-01 00:00:00+00,1,,false,,,,,,,,
550e8400-e29b-41d4-a716-000000000154,2026-06-30,火,1,解剖学Ⅰ[総論],佐藤智,特別講義室,08:50:00,10:20:00,2026-04-01 00:00:00+00,1,,false,,,,,,,,
550e8400-e29b-41d4-a716-000000000155,2026-07-01,水,1,医学概論Ⅰ,,特別講義室,08:50:00,10:20:00,2026-04-01 00:00:00+00,1,,false,,,,,,,,
550e8400-e29b-41d4-a716-000000000156,2026-07-01,水,2,医学概論Ⅰ,,特別講義室,10:30:00,12:00:00,2026-04-01 00:00:00+00,1,,false,,,,,,,,
550e8400-e29b-41d4-a716-000000000157,2026-07-01,水,3,人間科学ゼミナールⅠ,総合人間科学講座教員,各教室,13:00:00,14:30:00,2026-04-01 00:00:00+00,1,,false,,,,,,,,
550e8400-e29b-41d4-a716-000000000158,2026-07-02,木,1,哲学,長田,特別講義室,08:50:00,10:20:00,2026-04-01 00:00:00+00,1,,false,,,,,,,,
550e8400-e29b-41d4-a716-000000000159,2026-07-02,木,2,数理科学Ⅰ,古屋,特別講義室,10:30:00,12:00:00,2026-04-01 00:00:00+00,1,,false,,,,,,,,
550e8400-e29b-41d4-a716-000000000160,2026-07-03,金,1,データサイエンス,長島,臨床大,08:50:00,10:20:00,2026-04-01 00:00:00+00,1,,false,,,,,,,,
550e8400-e29b-41d4-a716-000000000161,2026-07-03,金,2,医療人類学,鈴木勝,臨床大,10:30:00,12:00:00,2026-04-01 00:00:00+00,1,,false,,,,,,,,
550e8400-e29b-41d4-a716-000000000162,2026-07-08,水,1,医学概論Ⅰ,,特別講義室,08:50:00,10:20:00,2026-04-01 00:00:00+00,1,,false,,,,,,,,
550e8400-e29b-41d4-a716-000000000163,2026-07-08,水,2,医学概論Ⅰ,,特別講義室,10:30:00,12:00:00,2026-04-01 00:00:00+00,1,,false,,,,,,,,
550e8400-e29b-41d4-a716-000000000164,2026-07-08,水,3,人間科学ゼミナールⅠ,総合人間科学講座教員,各教室,13:00:00,14:30:00,2026-04-01 00:00:00+00,1,,false,,,,,,,,
550e8400-e29b-41d4-a716-000000000165,2026-07-09,木,1,哲学,長田,特別講義室,08:50:00,10:20:00,2026-04-01 00:00:00+00,1,,false,,,,,,,,
550e8400-e29b-41d4-a716-000000000166,2026-07-09,木,2,数理科学Ⅰ,古屋,特別講義室,10:30:00,12:00:00,2026-04-01 00:00:00+00,1,,false,,,,,,,,
550e8400-e29b-41d4-a716-000000000167,2026-07-09,木,3,医療経済・社会学,谷口,特別講義室,13:00:00,14:30:00,2026-04-01 00:00:00+00,1,,false,,,,,,,,
550e8400-e29b-41d4-a716-000000000168,2026-07-09,木,4,医療経済・社会学,谷口,特別講義室,14:40:00,16:10:00,2026-04-01 00:00:00+00,1,,false,,,,,,,,
550e8400-e29b-41d4-a716-000000000169,2026-07-10,金,1,物理科学Ⅰ,三浦,特別講義室,08:50:00,10:20:00,2026-04-01 00:00:00+00,1,,false,,,,,,,,
550e8400-e29b-41d4-a716-000000000170,2026-07-10,金,2,医療人類学,鈴木勝,特別講義室,10:30:00,12:00:00,2026-04-01 00:00:00+00,1,,false,,,,,,,,
550e8400-e29b-41d4-a716-000000000171,2026-07-10,金,3,医療人類学,鈴木勝,特別講義室,13:00:00,14:30:00,2026-04-01 00:00:00+00,1,,false,,,,,,,,
550e8400-e29b-41d4-a716-000000000172,2026-07-14,火,1,基礎生物学Ⅰ,前田,特別講義室,08:50:00,10:20:00,2026-04-01 00:00:00+00,1,,false,,,,,,,,
550e8400-e29b-41d4-a716-000000000173,2026-07-14,火,2,医療法学Ⅰ,大磯,特別講義室,10:30:00,12:00:00,2026-04-01 00:00:00+00,1,,false,,,,,,,,
550e8400-e29b-41d4-a716-000000000174,2026-07-15,水,1,医学概論Ⅰ,,特別講義室,08:50:00,10:20:00,2026-04-01 00:00:00+00,1,,false,,,,,,,,
550e8400-e29b-41d4-a716-000000000175,2026-07-15,水,2,医学概論Ⅰ,,特別講義室,10:30:00,12:00:00,2026-04-01 00:00:00+00,1,,false,,,,,,,,
550e8400-e29b-41d4-a716-000000000176,2026-07-15,水,3,人間科学ゼミナールⅠ,総合人間科学講座教員,各教室,13:00:00,14:30:00,2026-04-01 00:00:00+00,1,,false,,,,,,,,
550e8400-e29b-41d4-a716-000000000177,2026-07-16,木,1,医学概論Ⅰ,,特別講義室,08:50:00,10:20:00,2026-04-01 00:00:00+00,1,,false,,,,,,,,
550e8400-e29b-41d4-a716-000000000178,2026-07-16,木,2,医学概論Ⅰ,,特別講義室,10:30:00,12:00:00,2026-04-01 00:00:00+00,1,,false,,,,,,,,
550e8400-e29b-41d4-a716-000000000179,2026-07-17,金,1,物理科学Ⅰ,三浦,特別講義室,08:50:00,10:20:00,2026-04-01 00:00:00+00,1,,false,,,,,,,,
550e8400-e29b-41d4-a716-000000000180,2026-07-21,火,1,基礎生物学Ⅰ,前田,特別講義室,08:50:00,10:20:00,2026-04-01 00:00:00+00,1,,false,,,,,,,,
550e8400-e29b-41d4-a716-000000000181,2026-07-22,水,1,医学概論Ⅰ,,特別講義室,08:50:00,10:20:00,2026-04-01 00:00:00+00,1,,false,,,,,,,,
550e8400-e29b-41d4-a716-000000000182,2026-07-22,水,2,医学概論Ⅰ,,特別講義室,10:30:00,12:00:00,2026-04-01 00:00:00+00,1,,false,,,,,,,,
550e8400-e29b-41d4-a716-000000000183,2026-07-28,火,1,心理行動科学Ⅰ,田中,特別講義室,08:50:00,10:20:00,2026-04-01 00:00:00+00,1,,false,,,,,,,,
550e8400-e29b-41d4-a716-000000000184,2026-07-30,木,1,物質科学Ⅰ,黒野・アナン,特別講義室,08:50:00,10:20:00,2026-04-01 00:00:00+00,1,,false,,,,,,,,
550e8400-e29b-41d4-a716-000000000185,2026-07-30,木,2,医学概論Ⅰ,,特別講義室,10:30:00,12:00:00,2026-04-01 00:00:00+00,1,,false,,,,,,,,
550e8400-e29b-41d4-a716-000000000186,2026-07-30,木,3,医学概論Ⅰ,,特別講義室,13:00:00,14:30:00,2026-04-01 00:00:00+00,1,,false,,,,,,,,
550e8400-e29b-41d4-a716-000000000187,2026-07-30,木,4,心理行動科学Ⅰ,田中,特別講義室,14:40:00,16:10:00,2026-04-01 00:00:00+00,1,,false,,,,,,,,
550e8400-e29b-41d4-a716-000000000188,2026-07-31,金,1,物質科学Ⅰ,黒野・アナン,特別講義室,08:50:00,10:20:00,2026-04-01 00:00:00+00,1,,false,,,,,,,,
550e8400-e29b-41d4-a716-000000000189,2026-07-31,金,2,医学概論Ⅰ,,特別講義室,10:30:00,12:00:00,2026-04-01 00:00:00+00,1,,false,,,,,,,,
550e8400-e29b-41d4-a716-000000000190,2026-07-31,金,3,医学概論Ⅰ,,特別講義室,13:00:00,14:30:00,2026-04-01 00:00:00+00,1,,false,,,,,,,,
550e8400-e29b-41d4-a716-000000000191,2026-07-31,金,4,データサイエンス,小俣・上島,特別講義室,14:40:00,16:10:00,2026-04-01 00:00:00+00,1,,false,,,,,,,,
550e8400-e29b-41d4-a716-000000000192,2026-08-25,火,1,物理科学Ⅰ,三浦,特別講義室,08:50:00,10:20:00,2026-04-01 00:00:00+00,1,,false,,,,,,,,
550e8400-e29b-41d4-a716-000000000193,2026-08-25,火,2,データサイエンス,原田,特別講義室,10:30:00,12:00:00,2026-04-01 00:00:00+00,1,,false,,,,,,,,
550e8400-e29b-41d4-a716-000000000194,2026-08-25,火,3,哲学,長田,特別講義室,13:00:00,14:30:00,2026-04-01 00:00:00+00,1,,false,,,,,,,,
550e8400-e29b-41d4-a716-000000000195,2026-08-25,火,4,数理科学Ⅰ,古屋,特別講義室,14:40:00,16:10:00,2026-04-01 00:00:00+00,1,,false,,,,,,,,
550e8400-e29b-41d4-a716-000000000196,2026-08-25,火,5,医療経済・社会学,谷口,特別講義室,16:20:00,17:50:00,2026-04-01 00:00:00+00,1,,false,,,,,,,,
550e8400-e29b-41d4-a716-000000000197,2026-08-31,月,1,心理行動科学Ⅰ,田中,特別講義室,08:50:00,10:20:00,2026-04-01 00:00:00+00,1,,false,,,,,,,,
550e8400-e29b-41d4-a716-000000000198,2026-08-31,月,2,物質科学Ⅰ,黒野・アナン,特別講義室,10:30:00,12:00:00,2026-04-01 00:00:00+00,1,,false,,,,,,,,
550e8400-e29b-41d4-a716-000000000199,2026-08-31,月,3,医学概論Ⅰ,,特別講義室,13:00:00,14:30:00,2026-04-01 00:00:00+00,1,,false,,,,,,,,
550e8400-e29b-41d4-a716-000000000200,2026-08-31,月,4,医学概論Ⅰ,,特別講義室,14:40:00,16:10:00,2026-04-01 00:00:00+00,1,,false,,,,,,,,
550e8400-e29b-41d4-a716-000000000201,2026-09-01,火,1,自然科学入門[物理],大塚,看護大4,08:50:00,10:20:00,2026-04-01 00:00:00+00,1,,false,,,,,,,,
550e8400-e29b-41d4-a716-000000000202,2026-09-01,火,2,自然科学入門[生物],切畠,特別講義室,10:30:00,12:00:00,2026-04-01 00:00:00+00,1,,false,,,,,,,,
550e8400-e29b-41d4-a716-000000000203,2026-09-01,火,3,基礎生物学Ⅰ,前田,特別講義室,13:00:00,14:30:00,2026-04-01 00:00:00+00,1,,false,,,,,,,,
550e8400-e29b-41d4-a716-000000000204,2026-09-01,火,4,医療法学Ⅰ,大磯,特別講義室,14:40:00,16:10:00,2026-04-01 00:00:00+00,1,,false,,,,,,,,
550e8400-e29b-41d4-a716-000000000205,2026-09-02,水,1,医学概論Ⅰ,,特別講義室,08:50:00,10:20:00,2026-04-01 00:00:00+00,1,,false,,,,,,,,
550e8400-e29b-41d4-a716-000000000206,2026-09-02,水,2,医学概論Ⅰ,,特別講義室,10:30:00,12:00:00,2026-04-01 00:00:00+00,1,,false,,,,,,,,
550e8400-e29b-41d4-a716-000000000207,2026-09-02,水,3,人間科学ゼミナールⅠ,総合人間科学講座教員,各教室,13:00:00,14:30:00,2026-04-01 00:00:00+00,1,,false,,,,,,,,
550e8400-e29b-41d4-a716-000000000208,2026-09-03,木,1,哲学,長田,特別講義室,08:50:00,10:20:00,2026-04-01 00:00:00+00,1,,false,,,,,,,,
550e8400-e29b-41d4-a716-000000000209,2026-09-03,木,2,数理科学Ⅰ,古屋,特別講義室,10:30:00,12:00:00,2026-04-01 00:00:00+00,1,,false,,,,,,,,
550e8400-e29b-41d4-a716-000000000210,2026-09-04,金,1,物理科学Ⅰ,三浦,特別講義室,08:50:00,10:20:00,2026-04-01 00:00:00+00,1,,false,,,,,,,,
550e8400-e29b-41d4-a716-000000000211,2026-09-05,土,1,物質科学Ⅰ,黒野・アナン,特別講義室,08:50:00,10:20:00,2026-04-01 00:00:00+00,1,,false,,,,,,,,
550e8400-e29b-41d4-a716-000000000212,2026-09-05,土,2,データサイエンス,増澤,特別講義室,10:30:00,12:00:00,2026-04-01 00:00:00+00,1,,false,,,,,,,,
550e8400-e29b-41d4-a716-000000000213,2026-09-05,土,3,医学概論Ⅰ,,特別講義室,13:00:00,14:30:00,2026-04-01 00:00:00+00,1,,false,,,,,,,,
550e8400-e29b-41d4-a716-000000000214,2026-09-05,土,4,医学概論Ⅰ,,特別講義室,14:40:00,16:10:00,2026-04-01 00:00:00+00,1,,false,,,,,,,,
550e8400-e29b-41d4-a716-000000000215,2026-09-05,土,5,心理行動科学Ⅰ,田中,特別講義室,16:20:00,17:50:00,2026-04-01 00:00:00+00,1,,false,,,,,,,,
550e8400-e29b-41d4-a716-000000000216,2026-09-08,火,1,基礎生物学Ⅰ,前田,特別講義室,08:50:00,10:20:00,2026-04-01 00:00:00+00,1,,false,,,,,,,,
550e8400-e29b-41d4-a716-000000000217,2026-09-08,火,2,医療法学Ⅰ,大磯,特別講義室,10:30:00,12:00:00,2026-04-01 00:00:00+00,1,,false,,,,,,,,
550e8400-e29b-41d4-a716-000000000218,2026-09-09,水,1,医学概論Ⅰ,,特別講義室,08:50:00,10:20:00,2026-04-01 00:00:00+00,1,,false,,,,,,,,
550e8400-e29b-41d4-a716-000000000219,2026-09-09,水,2,医学概論Ⅰ,,特別講義室,10:30:00,12:00:00,2026-04-01 00:00:00+00,1,,false,,,,,,,,
550e8400-e29b-41d4-a716-000000000220,2026-09-10,木,1,哲学,長田,特別講義室,08:50:00,10:20:00,2026-04-01 00:00:00+00,1,,false,,,,,,,,
550e8400-e29b-41d4-a716-000000000221,2026-09-10,木,2,数理科学Ⅰ,古屋,特別講義室,10:30:00,12:00:00,2026-04-01 00:00:00+00,1,,false,,,,,,,,
550e8400-e29b-41d4-a716-000000000222,2026-09-10,木,3,データサイエンス,谷,特別講義室,13:00:00,14:30:00,2026-04-01 00:00:00+00,1,,false,,,,,,,,
550e8400-e29b-41d4-a716-000000000223,2026-09-11,金,1,物理科学Ⅰ,三浦,特別講義室,08:50:00,10:20:00,2026-04-01 00:00:00+00,1,,false,,,,,,,,
550e8400-e29b-41d4-a716-000000000224,2026-09-14,月,1,心理行動科学Ⅰ,田中,臨床大,08:50:00,10:20:00,2026-04-01 00:00:00+00,1,,false,,,,,,,,
550e8400-e29b-41d4-a716-000000000225,2026-09-14,月,2,物質科学Ⅰ,黒野・アナン,臨床大,10:30:00,12:00:00,2026-04-01 00:00:00+00,1,,false,,,,,,,,
550e8400-e29b-41d4-a716-000000000226,2026-09-14,月,3,基礎生物学Ⅰ,前田,臨床大,13:00:00,14:30:00,2026-04-01 00:00:00+00,1,,false,,,,,,,,
550e8400-e29b-41d4-a716-000000000227,2026-09-14,月,4,医療法学Ⅰ,大磯,臨床大,14:40:00,16:10:00,2026-04-01 00:00:00+00,1,,false,,,,,,,,
550e8400-e29b-41d4-a716-000000000228,2026-09-15,火,1,医療経済・社会学,谷口,臨床大,08:50:00,10:20:00,2026-04-01 00:00:00+00,1,,false,,,,,,,,
550e8400-e29b-41d4-a716-000000000229,2026-09-15,火,2,医療経済・社会学,谷口,臨床大,10:30:00,12:00:00,2026-04-01 00:00:00+00,1,,false,,,,,,,,
550e8400-e29b-41d4-a716-000000000230,2026-09-16,水,1,自然科学入門[物理],大塚,看護大4,08:50:00,10:20:00,2026-04-01 00:00:00+00,1,,false,,,,,,,,
550e8400-e29b-41d4-a716-000000000231,2026-09-16,水,2,自然科学入門[生物],切畠,特別講義室,10:30:00,12:00:00,2026-04-01 00:00:00+00,1,,false,,,,,,,,
550e8400-e29b-41d4-a716-000000000232,2026-09-16,水,3,基礎生物学Ⅰ,前田,特別講義室,13:00:00,14:30:00,2026-04-01 00:00:00+00,1,,false,,,,,,,,
550e8400-e29b-41d4-a716-000000000233,2026-09-16,水,4,医療法学Ⅰ,大磯,特別講義室,14:40:00,16:10:00,2026-04-01 00:00:00+00,1,,false,,,,,,,,
550e8400-e29b-41d4-a716-000000000234,2026-09-18,金,1,物理科学Ⅰ,三浦,臨床大,08:50:00,10:20:00,2026-04-01 00:00:00+00,1,,false,,,,,,,,
550e8400-e29b-41d4-a716-000000000235,2026-09-24,木,1,哲学,長田,臨床大,08:50:00,10:20:00,2026-04-01 00:00:00+00,1,,false,,,,,,,,
550e8400-e29b-41d4-a716-000000000236,2026-09-24,木,2,数理科学Ⅰ,古屋,臨床大,10:30:00,12:00:00,2026-04-01 00:00:00+00,1,,false,,,,,,,,
550e8400-e29b-41d4-a716-000000000237,2026-09-24,木,3,人間科学ゼミナールⅠ,総合人間科学講座教員,各教室,13:00:00,14:30:00,2026-04-01 00:00:00+00,1,,false,,,,,,,,
550e8400-e29b-41d4-a716-000000000238,2026-09-25,金,1,解剖学Ⅰ[総論],佐藤・瀬藤,臨床大,08:50:00,10:20:00,2026-04-01 00:00:00+00,1,,false,,,,,,,,
550e8400-e29b-41d4-a716-000000000239,2026-09-30,水,1,解剖学Ⅰ[総論],佐藤智,特別講義室,08:50:00,10:20:00,2026-04-01 00:00:00+00,1,,false,,,,,,,,
550e8400-e29b-41d4-a716-000000000240,2026-10-01,木,1,倫理学,長田,特別講義室,08:50:00,10:20:00,2026-04-01 00:00:00+00,1,,false,,,,,,,,
550e8400-e29b-41d4-a716-000000000241,2026-10-01,木,2,数理科学Ⅱ,古屋,特別講義室,10:30:00,12:00:00,2026-04-01 00:00:00+00,1,,false,,,,,,,,
550e8400-e29b-41d4-a716-000000000242,2026-10-01,木,3,独語Ⅱ,トロースト,講義302,13:00:00,14:30:00,2026-04-01 00:00:00+00,1,,false,,,,,,,,
550e8400-e29b-41d4-a716-000000000243,2026-10-01,木,4,プレゼンテーションⅠ①,ジョンソン他,特別講義室,14:40:00,16:10:00,2026-04-01 00:00:00+00,1,,false,,,,,,,,
550e8400-e29b-41d4-a716-000000000244,2026-10-02,金,1,物質科学Ⅱ,黒野,特別講義室,08:50:00,10:20:00,2026-04-01 00:00:00+00,1,,false,,,,,,,,
550e8400-e29b-41d4-a716-000000000245,2026-10-02,金,2,人間科学ゼミナールⅡ,総合人間科学講座教員,各教室,10:30:00,12:00:00,2026-04-01 00:00:00+00,1,,false,,,,,,,,
550e8400-e29b-41d4-a716-000000000246,2026-10-06,火,1,基礎生物学Ⅱ,吉田祥,特別講義室,08:50:00,10:20:00,2026-04-01 00:00:00+00,1,,false,,,,,,,,
550e8400-e29b-41d4-a716-000000000247,2026-10-06,火,2,物理科学Ⅱ,西尾,特別講義室,10:30:00,12:00:00,2026-04-01 00:00:00+00,1,,false,,,,,,,,
550e8400-e29b-41d4-a716-000000000248,2026-10-06,火,3,心理行動科学Ⅱ,田中,特別講義室,13:00:00,14:30:00,2026-04-01 00:00:00+00,1,,false,,,,,,,,
550e8400-e29b-41d4-a716-000000000249,2026-10-06,火,4,医療法学Ⅱ,大磯,特別講義室,14:40:00,16:10:00,2026-04-01 00:00:00+00,1,,false,,,,,,,,
550e8400-e29b-41d4-a716-000000000250,2026-10-07,水,1,生物学実験,,各実習室,08:50:00,10:20:00,2026-04-01 00:00:00+00,1,,false,,,,,,,,
550e8400-e29b-41d4-a716-000000000251,2026-10-07,水,2,物理学実験,,各実習室,10:30:00,12:00:00,2026-04-01 00:00:00+00,1,,false,,,,,,,,
550e8400-e29b-41d4-a716-000000000252,2026-10-07,水,3,化学実験,,各実習室,13:00:00,14:30:00,2026-04-01 00:00:00+00,1,,false,,,,,,,,
550e8400-e29b-41d4-a716-000000000253,2026-10-08,木,1,倫理学,長田,特別講義室,08:50:00,10:20:00,2026-04-01 00:00:00+00,1,,false,,,,,,,,
550e8400-e29b-41d4-a716-000000000254,2026-10-08,木,2,数理科学Ⅱ,古屋,特別講義室,10:30:00,12:00:00,2026-04-01 00:00:00+00,1,,false,,,,,,,,
550e8400-e29b-41d4-a716-000000000255,2026-10-08,木,3,基礎生物学Ⅱ,吉田祥,特別講義室,13:00:00,14:30:00,2026-04-01 00:00:00+00,1,,false,,,,,,,,
550e8400-e29b-41d4-a716-000000000256,2026-10-08,木,4,物理科学Ⅱ,西尾,特別講義室,14:40:00,16:10:00,2026-04-01 00:00:00+00,1,,false,,,,,,,,
550e8400-e29b-41d4-a716-000000000257,2026-10-08,木,5,心理行動科学Ⅱ,田中,特別講義室,16:20:00,17:50:00,2026-04-01 00:00:00+00,1,,false,,,,,,,,
550e8400-e29b-41d4-a716-000000000258,2026-10-09,金,1,物質科学Ⅱ,黒野,特別講義室,08:50:00,10:20:00,2026-04-01 00:00:00+00,1,,false,,,,,,,,
550e8400-e29b-41d4-a716-000000000259,2026-10-09,金,2,人間科学ゼミナールⅡ,総合人間科学講座教員,各教室,10:30:00,12:00:00,2026-04-01 00:00:00+00,1,,false,,,,,,,,
550e8400-e29b-41d4-a716-000000000260,2026-10-13,火,1,基礎生物学Ⅱ,吉田祥,特別講義室,08:50:00,10:20:00,2026-04-01 00:00:00+00,1,,false,,,,,,,,
550e8400-e29b-41d4-a716-000000000261,2026-10-13,火,2,物理科学Ⅱ,西尾,特別講義室,10:30:00,12:00:00,2026-04-01 00:00:00+00,1,,false,,,,,,,,
550e8400-e29b-41d4-a716-000000000262,2026-10-13,火,3,心理行動科学Ⅱ,田中,特別講義室,13:00:00,14:30:00,2026-04-01 00:00:00+00,1,,false,,,,,,,,
550e8400-e29b-41d4-a716-000000000263,2026-10-13,火,4,医療法学Ⅱ,大磯,特別講義室,14:40:00,16:10:00,2026-04-01 00:00:00+00,1,,false,,,,,,,,
550e8400-e29b-41d4-a716-000000000264,2026-10-14,水,1,生物学実験,,各実習室,08:50:00,10:20:00,2026-04-01 00:00:00+00,1,,false,,,,,,,,
550e8400-e29b-41d4-a716-000000000265,2026-10-14,水,2,物理学実験,,各実習室,10:30:00,12:00:00,2026-04-01 00:00:00+00,1,,false,,,,,,,,
550e8400-e29b-41d4-a716-000000000266,2026-10-14,水,3,化学実験,,各実習室,13:00:00,14:30:00,2026-04-01 00:00:00+00,1,,false,,,,,,,,
550e8400-e29b-41d4-a716-000000000267,2026-10-15,木,1,倫理学,長田,特別講義室,08:50:00,10:20:00,2026-04-01 00:00:00+00,1,,false,,,,,,,,
550e8400-e29b-41d4-a716-000000000268,2026-10-15,木,2,数理科学Ⅱ,古屋,特別講義室,10:30:00,12:00:00,2026-04-01 00:00:00+00,1,,false,,,,,,,,
550e8400-e29b-41d4-a716-000000000269,2026-10-16,金,1,物質科学Ⅱ,黒野,特別講義室,08:50:00,10:20:00,2026-04-01 00:00:00+00,1,,false,,,,,,,,
550e8400-e29b-41d4-a716-000000000270,2026-10-16,金,2,人間科学ゼミナールⅡ,総合人間科学講座教員,各教室,10:30:00,12:00:00,2026-04-01 00:00:00+00,1,,false,,,,,,,,
550e8400-e29b-41d4-a716-000000000271,2026-10-20,火,1,基礎生物学Ⅱ,吉田祥,特別講義室,08:50:00,10:20:00,2026-04-01 00:00:00+00,1,,false,,,,,,,,
550e8400-e29b-41d4-a716-000000000272,2026-10-20,火,2,物理科学Ⅱ,西尾,特別講義室,10:30:00,12:00:00,2026-04-01 00:00:00+00,1,,false,,,,,,,,
550e8400-e29b-41d4-a716-000000000273,2026-10-20,火,3,心理行動科学Ⅱ,田中,特別講義室,13:00:00,14:30:00,2026-04-01 00:00:00+00,1,,false,,,,,,,,
550e8400-e29b-41d4-a716-000000000274,2026-10-20,火,4,医療法学Ⅱ,大磯,特別講義室,14:40:00,16:10:00,2026-04-01 00:00:00+00,1,,false,,,,,,,,
550e8400-e29b-41d4-a716-000000000275,2026-10-21,水,1,生物学実験,,各実習室,08:50:00,10:20:00,2026-04-01 00:00:00+00,1,,false,,,,,,,,
550e8400-e29b-41d4-a716-000000000276,2026-10-22,木,1,倫理学,長田,特別講義室,08:50:00,10:20:00,2026-04-01 00:00:00+00,1,,false,,,,,,,,
550e8400-e29b-41d4-a716-000000000277,2026-10-22,木,2,数理科学Ⅱ,古屋,特別講義室,10:30:00,12:00:00,2026-04-01 00:00:00+00,1,,false,,,,,,,,
550e8400-e29b-41d4-a716-000000000278,2026-10-23,金,1,物質科学Ⅱ,黒野,特別講義室,08:50:00,10:20:00,2026-04-01 00:00:00+00,1,,false,,,,,,,,
550e8400-e29b-41d4-a716-000000000279,2026-10-23,金,2,人間科学ゼミナールⅡ,総合人間科学講座教員,各教室,10:30:00,12:00:00,2026-04-01 00:00:00+00,1,,false,,,,,,,,
550e8400-e29b-41d4-a716-000000000280,2026-10-28,水,1,生物学実験,,各実習室,08:50:00,10:20:00,2026-04-01 00:00:00+00,1,,false,,,,,,,,
550e8400-e29b-41d4-a716-000000000281,2026-10-29,木,1,倫理学,長田,特別講義室,08:50:00,10:20:00,2026-04-01 00:00:00+00,1,,false,,,,,,,,
550e8400-e29b-41d4-a716-000000000282,2026-10-29,木,2,数理科学Ⅱ,古屋,特別講義室,10:30:00,12:00:00,2026-04-01 00:00:00+00,1,,false,,,,,,,,
550e8400-e29b-41d4-a716-000000000283,2026-11-05,木,1,倫理学,長田,特別講義室,08:50:00,10:20:00,2026-04-01 00:00:00+00,1,,false,,,,,,,,
550e8400-e29b-41d4-a716-000000000284,2026-11-05,木,2,数理科学Ⅱ,古屋,特別講義室,10:30:00,12:00:00,2026-04-01 00:00:00+00,1,,false,,,,,,,,
550e8400-e29b-41d4-a716-000000000285,2026-11-06,金,1,物質科学Ⅱ,黒野,特別講義室,08:50:00,10:20:00,2026-04-01 00:00:00+00,1,,false,,,,,,,,
550e8400-e29b-41d4-a716-000000000286,2026-11-06,金,2,人間科学ゼミナールⅡ,総合人間科学講座教員,各教室,10:30:00,12:00:00,2026-04-01 00:00:00+00,1,,false,,,,,,,,
550e8400-e29b-41d4-a716-000000000287,2026-11-10,火,1,基礎生物学Ⅱ,吉田祥,特別講義室,08:50:00,10:20:00,2026-04-01 00:00:00+00,1,,false,,,,,,,,
550e8400-e29b-41d4-a716-000000000288,2026-11-10,火,2,物理科学Ⅱ,西尾,特別講義室,10:30:00,12:00:00,2026-04-01 00:00:00+00,1,,false,,,,,,,,
550e8400-e29b-41d4-a716-000000000289,2026-11-10,火,3,心理行動科学Ⅱ,田中,特別講義室,13:00:00,14:30:00,2026-04-01 00:00:00+00,1,,false,,,,,,,,
550e8400-e29b-41d4-a716-000000000290,2026-11-12,木,1,倫理学,長田,特別講義室,08:50:00,10:20:00,2026-04-01 00:00:00+00,1,,false,,,,,,,,
550e8400-e29b-41d4-a716-000000000291,2026-11-12,木,2,数理科学Ⅱ,古屋,特別講義室,10:30:00,12:00:00,2026-04-01 00:00:00+00,1,,false,,,,,,,,
550e8400-e29b-41d4-a716-000000000292,2026-11-12,木,3,解剖学Ⅰ[骨学],小西・山岸,解剖実習室,13:00:00,14:30:00,2026-04-01 00:00:00+00,1,,false,,,,,,,,
550e8400-e29b-41d4-a716-000000000293,2026-11-13,金,1,物質科学Ⅱ,黒野,特別講義室,08:50:00,10:20:00,2026-04-01 00:00:00+00,1,,false,,,,,,,,
550e8400-e29b-41d4-a716-000000000294,2026-11-13,金,2,人間科学ゼミナールⅡ,総合人間科学講座教員,各教室,10:30:00,12:00:00,2026-04-01 00:00:00+00,1,,false,,,,,,,,
550e8400-e29b-41d4-a716-000000000295,2026-11-19,木,1,基礎生物学Ⅱ,吉田祥,特別講義室,08:50:00,10:20:00,2026-04-01 00:00:00+00,1,,false,,,,,,,,
550e8400-e29b-41d4-a716-000000000296,2026-11-19,木,2,物理科学Ⅱ,西尾,特別講義室,10:30:00,12:00:00,2026-04-01 00:00:00+00,1,,false,,,,,,,,
550e8400-e29b-41d4-a716-000000000297,2026-11-20,金,1,物質科学Ⅱ,黒野,特別講義室,08:50:00,10:20:00,2026-04-01 00:00:00+00,1,,false,,,,,,,,
550e8400-e29b-41d4-a716-000000000298,2026-11-22,日,1,物理科学Ⅱ,西尾,特別講義室,08:50:00,10:20:00,2026-04-01 00:00:00+00,1,,false,,,,,,,,
550e8400-e29b-41d4-a716-000000000299,2026-11-22,日,2,心理行動科学Ⅱ,田中,特別講義室,10:30:00,12:00:00,2026-04-01 00:00:00+00,1,,false,,,,,,,,
550e8400-e29b-41d4-a716-000000000300,2026-11-24,火,1,心理行動科学Ⅱ,田中,特別講義室,08:50:00,10:20:00,2026-04-01 00:00:00+00,1,,false,,,,,,,,
550e8400-e29b-41d4-a716-000000000301,2026-11-24,火,2,医療法学Ⅱ,大磯,特別講義室,10:30:00,12:00:00,2026-04-01 00:00:00+00,1,,false,,,,,,,,
550e8400-e29b-41d4-a716-000000000302,2026-11-25,水,1,解剖学Ⅰ[骨学],小西・山岸,解剖実習室,08:50:00,10:20:00,2026-04-01 00:00:00+00,1,,false,,,,,,,,
550e8400-e29b-41d4-a716-000000000303,2026-11-25,水,2,解剖学Ⅰ[骨学],小西・山岸,解剖実習室,10:30:00,12:00:00,2026-04-01 00:00:00+00,1,,false,,,,,,,,
550e8400-e29b-41d4-a716-000000000304,2026-11-25,水,3,解剖学Ⅰ[骨学],小西・山岸,解剖実習室,13:00:00,14:30:00,2026-04-01 00:00:00+00,1,,false,,,,,,,,
550e8400-e29b-41d4-a716-000000000305,2026-11-25,水,4,解剖学Ⅰ[骨学],小西・山岸,解剖実習室,14:40:00,16:10:00,2026-04-01 00:00:00+00,1,,false,,,,,,,,
550e8400-e29b-41d4-a716-000000000306,2026-11-26,木,1,医療法学Ⅱ,大磯,特別講義室,08:50:00,10:20:00,2026-04-01 00:00:00+00,1,,false,,,,,,,,
550e8400-e29b-41d4-a716-000000000307,2026-11-26,木,2,基礎生物学Ⅱ,吉田祥,特別講義室,10:30:00,12:00:00,2026-04-01 00:00:00+00,1,,false,,,,,,,,
550e8400-e29b-41d4-a716-000000000308,2026-11-26,木,3,人間科学ゼミナールⅡ,総合人間科学講座教員,各教室,13:00:00,14:30:00,2026-04-01 00:00:00+00,1,,false,,,,,,,,
550e8400-e29b-41d4-a716-000000000309,2026-11-27,金,1,物質科学Ⅱ,黒野,特別講義室,08:50:00,10:20:00,2026-04-01 00:00:00+00,1,,false,,,,,,,,
550e8400-e29b-41d4-a716-000000000310,2026-11-27,金,2,プレゼンテーションⅠ②,ジョンソン他,臨床小・講義棟302,10:30:00,12:00:00,2026-04-01 00:00:00+00,1,,false,,,,,,,,
550e8400-e29b-41d4-a716-000000000311,2026-11-28,土,1,解剖学Ⅰ[骨学],華表,解剖実習室,08:50:00,10:20:00,2026-04-01 00:00:00+00,1,,false,,,,,,,,
550e8400-e29b-41d4-a716-000000000312,2026-11-28,土,2,解剖学Ⅰ[骨学],華表,解剖実習室,10:30:00,12:00:00,2026-04-01 00:00:00+00,1,,false,,,,,,,,
550e8400-e29b-41d4-a716-000000000313,2026-11-28,土,3,解剖学Ⅰ[骨学],華表,解剖実習室,13:00:00,14:30:00,2026-04-01 00:00:00+00,1,,false,,,,,,,,
550e8400-e29b-41d4-a716-000000000314,2026-11-28,土,4,解剖学Ⅰ[骨学],華表,解剖実習室,14:40:00,16:10:00,2026-04-01 00:00:00+00,1,,false,,,,,,,,
550e8400-e29b-41d4-a716-000000000315,2026-11-30,月,1,医療法学Ⅱ,大磯,特別講義室,08:50:00,10:20:00,2026-04-01 00:00:00+00,1,,false,,,,,,,,
550e8400-e29b-41d4-a716-000000000316,2026-11-30,月,2,数理科学Ⅱ,古屋,特別講義室,10:30:00,12:00:00,2026-04-01 00:00:00+00,1,,false,,,,,,,,
550e8400-e29b-41d4-a716-000000000317,2026-12-01,火,1,解剖学Ⅰ[組織学],佐藤康,病理組織実習室,08:50:00,10:20:00,2026-04-01 00:00:00+00,1,,false,,,,,,,,
550e8400-e29b-41d4-a716-000000000318,2026-12-03,木,1,解剖学Ⅰ[組織学],佐藤康,病理組織実習室,08:50:00,10:20:00,2026-04-01 00:00:00+00,1,,false,,,,,,,,
550e8400-e29b-41d4-a716-000000000319,2026-12-03,木,2,解剖学Ⅰ[組織学],佐藤康,病理組織実習室,10:30:00,12:00:00,2026-04-01 00:00:00+00,1,,false,,,,,,,,
550e8400-e29b-41d4-a716-000000000320,2026-12-03,木,3,解剖学Ⅰ[組織学],佐藤康,病理組織実習室,13:00:00,14:30:00,2026-04-01 00:00:00+00,1,,false,,,,,,,,
550e8400-e29b-41d4-a716-000000000321,2026-12-04,金,1,物質科学Ⅱ,黒野,特別講義室,08:50:00,10:20:00,2026-04-01 00:00:00+00,1,,false,,,,,,,,
550e8400-e29b-41d4-a716-000000000322,2026-12-04,金,2,プレゼンテーションⅠ④,ジョンソン他,臨床小・講義棟302,10:30:00,12:00:00,2026-04-01 00:00:00+00,1,,false,,,,,,,,
550e8400-e29b-41d4-a716-000000000323,2026-12-04,金,3,人間科学ゼミナールⅡ,総合人間科学講座教員,各教室,13:00:00,14:30:00,2026-04-01 00:00:00+00,1,,false,,,,,,,,
550e8400-e29b-41d4-a716-000000000324,2026-12-08,火,1,解剖学Ⅰ[組織学],張,病理組織実習室,08:50:00,10:20:00,2026-04-01 00:00:00+00,1,,false,,,,,,,,
550e8400-e29b-41d4-a716-000000000325,2026-12-08,火,2,解剖学Ⅰ[組織学],張,病理組織実習室,10:30:00,12:00:00,2026-04-01 00:00:00+00,1,,false,,,,,,,,
550e8400-e29b-41d4-a716-000000000326,2026-12-08,火,3,解剖学Ⅰ[組織学],佐藤智,病理組織実習室,13:00:00,14:30:00,2026-04-01 00:00:00+00,1,,false,,,,,,,,
550e8400-e29b-41d4-a716-000000000327,2026-12-08,火,4,解剖学Ⅰ[組織学],佐藤智,病理組織実習室,14:40:00,16:10:00,2026-04-01 00:00:00+00,1,,false,,,,,,,,
550e8400-e29b-41d4-a716-000000000328,2026-12-08,火,5,解剖学Ⅰ[組織学],若山,病理組織実習室,16:20:00,17:50:00,2026-04-01 00:00:00+00,1,,false,,,,,,,,
550e8400-e29b-41d4-a716-000000000329,2026-12-08,火,6,解剖学Ⅰ[組織学],若山,病理組織実習室,08:40:00,09:40:00,2026-04-01 00:00:00+00,1,,false,,,,,,,,
550e8400-e29b-41d4-a716-000000000330,2026-12-09,水,1,解剖学Ⅰ[組織学],小西,病理組織実習室,08:50:00,10:20:00,2026-04-01 00:00:00+00,1,,false,,,,,,,,
550e8400-e29b-41d4-a716-000000000331,2026-12-09,水,2,解剖学Ⅰ[組織学],小西,病理組織実習室,10:30:00,12:00:00,2026-04-01 00:00:00+00,1,,false,,,,,,,,
550e8400-e29b-41d4-a716-000000000332,2026-12-09,水,3,解剖学Ⅰ[組織学],小西,病理組織実習室,13:00:00,14:30:00,2026-04-01 00:00:00+00,1,,false,,,,,,,,
550e8400-e29b-41d4-a716-000000000333,2026-12-09,水,4,解剖学Ⅰ[組織学],小西,病理組織実習室,14:40:00,16:10:00,2026-04-01 00:00:00+00,1,,false,,,,,,,,
550e8400-e29b-41d4-a716-000000000334,2026-12-10,木,1,倫理学,長田,特別講義室,08:50:00,10:20:00,2026-04-01 00:00:00+00,1,,false,,,,,,,,
550e8400-e29b-41d4-a716-000000000335,2026-12-10,木,2,数理科学Ⅱ,古屋,特別講義室,10:30:00,12:00:00,2026-04-01 00:00:00+00,1,,false,,,,,,,,
550e8400-e29b-41d4-a716-000000000336,2026-12-11,金,1,物質科学Ⅱ,黒野,特別講義室,08:50:00,10:20:00,2026-04-01 00:00:00+00,1,,false,,,,,,,,
550e8400-e29b-41d4-a716-000000000337,2026-12-11,金,2,プレゼンテーションⅠ⑤,ジョンソン他,臨床小・講義棟302,10:30:00,12:00:00,2026-04-01 00:00:00+00,1,,false,,,,,,,,
550e8400-e29b-41d4-a716-000000000338,2026-12-11,金,3,人間科学ゼミナールⅡ,総合人間科学講座教員,各教室,13:00:00,14:30:00,2026-04-01 00:00:00+00,1,,false,,,,,,,,
550e8400-e29b-41d4-a716-000000000339,2026-12-14,月,1,解剖学Ⅰ[組織学],佐藤智,病理組織実習室,08:50:00,10:20:00,2026-04-01 00:00:00+00,1,,false,,,,,,,,
550e8400-e29b-41d4-a716-000000000340,2026-12-14,月,2,解剖学Ⅰ[組織学],佐藤智,病理組織実習室,10:30:00,12:00:00,2026-04-01 00:00:00+00,1,,false,,,,,,,,
550e8400-e29b-41d4-a716-000000000341,2026-12-14,月,3,解剖学Ⅰ[組織学],華表,病理組織実習室,13:00:00,14:30:00,2026-04-01 00:00:00+00,1,,false,,,,,,,,
550e8400-e29b-41d4-a716-000000000342,2026-12-14,月,4,解剖学Ⅰ[組織学],華表,病理組織実習室,14:40:00,16:10:00,2026-04-01 00:00:00+00,1,,false,,,,,,,,
550e8400-e29b-41d4-a716-000000000343,2026-12-15,火,1,基礎生物学Ⅱ,吉田祥,特別講義室,08:50:00,10:20:00,2026-04-01 00:00:00+00,1,,false,,,,,,,,
550e8400-e29b-41d4-a716-000000000344,2026-12-15,火,2,物理科学Ⅱ,西尾,特別講義室,10:30:00,12:00:00,2026-04-01 00:00:00+00,1,,false,,,,,,,,
550e8400-e29b-41d4-a716-000000000345,2026-12-15,火,3,心理行動科学Ⅱ,田中,特別講義室,13:00:00,14:30:00,2026-04-01 00:00:00+00,1,,false,,,,,,,,
550e8400-e29b-41d4-a716-000000000346,2026-12-15,火,4,医療法学Ⅱ,大磯,特別講義室,14:40:00,16:10:00,2026-04-01 00:00:00+00,1,,false,,,,,,,,
550e8400-e29b-41d4-a716-000000000347,2026-12-16,水,1,解剖学Ⅰ[組織学],佐藤康,病理組織実習室,08:50:00,10:20:00,2026-04-01 00:00:00+00,1,,false,,,,,,,,
550e8400-e29b-41d4-a716-000000000348,2026-12-17,木,1,倫理学,長田,特別講義室,08:50:00,10:20:00,2026-04-01 00:00:00+00,1,,false,,,,,,,,
550e8400-e29b-41d4-a716-000000000349,2026-12-18,金,1,解剖学Ⅰ[組織学],佐藤康,病理組織実習室,08:50:00,10:20:00,2026-04-01 00:00:00+00,1,,false,,,,,,,,
550e8400-e29b-41d4-a716-000000000350,2026-12-18,金,2,解剖学Ⅰ[組織学],佐藤康,病理組織実習室,10:30:00,12:00:00,2026-04-01 00:00:00+00,1,,false,,,,,,,,
550e8400-e29b-41d4-a716-000000000351,2026-12-18,金,3,解剖学Ⅰ[組織学],佐藤康,病理組織実習室,13:00:00,14:30:00,2026-04-01 00:00:00+00,1,,false,,,,,,,,
550e8400-e29b-41d4-a716-000000000352,2026-12-22,火,1,解剖学Ⅰ[組織学],華表,病理組織実習室,08:50:00,10:20:00,2026-04-01 00:00:00+00,1,,false,,,,,,,,
550e8400-e29b-41d4-a716-000000000353,2026-12-22,火,2,解剖学Ⅰ[組織学],華表,病理組織実習室,10:30:00,12:00:00,2026-04-01 00:00:00+00,1,,false,,,,,,,,
550e8400-e29b-41d4-a716-000000000354,2026-12-22,火,3,解剖学Ⅰ[組織学],張,病理組織実習室,13:00:00,14:30:00,2026-04-01 00:00:00+00,1,,false,,,,,,,,
550e8400-e29b-41d4-a716-000000000355,2026-12-22,火,4,解剖学Ⅰ[組織学],張,病理組織実習室,14:40:00,16:10:00,2026-04-01 00:00:00+00,1,,false,,,,,,,,
550e8400-e29b-41d4-a716-000000000356,2026-12-23,水,1,解剖学Ⅰ[組織学],佐藤・瀬藤,特別講義室,08:50:00,10:20:00,2026-04-01 00:00:00+00,1,,false,,,,,,,,
550e8400-e29b-41d4-a716-000000000357,2026-12-24,木,1,倫理学,長田,特別講義室,08:50:00,10:20:00,2026-04-01 00:00:00+00,1,,false,,,,,,,,
550e8400-e29b-41d4-a716-000000000358,2026-12-24,木,2,数理科学Ⅱ,古屋,特別講義室,10:30:00,12:00:00,2026-04-01 00:00:00+00,1,,false,,,,,,,,
550e8400-e29b-41d4-a716-000000000359,2026-12-25,金,1,物質科学Ⅱ,黒野,特別講義室,08:50:00,10:20:00,2026-04-01 00:00:00+00,1,,false,,,,,,,,
550e8400-e29b-41d4-a716-000000000360,2026-12-25,金,2,人間科学ゼミナールⅡ,総合人間科学講座教員,各教室,10:30:00,12:00:00,2026-04-01 00:00:00+00,1,,false,,,,,,,,
550e8400-e29b-41d4-a716-000000000361,2026-12-29,火,1,倫理学,長田,特別講義室,08:50:00,10:20:00,2026-04-01 00:00:00+00,1,,false,,,,,,,,
550e8400-e29b-41d4-a716-000000000362,2026-12-29,火,2,数理科学Ⅱ,古屋,特別講義室,10:30:00,12:00:00,2026-04-01 00:00:00+00,1,,false,,,,,,,,
550e8400-e29b-41d4-a716-000000000363,2026-12-30,水,1,基礎生物学Ⅱ,吉田祥,特別講義室,08:50:00,10:20:00,2026-04-01 00:00:00+00,1,,false,,,,,,,,
550e8400-e29b-41d4-a716-000000000364,2026-12-30,水,2,物理科学Ⅱ,西尾,特別講義室,10:30:00,12:00:00,2026-04-01 00:00:00+00,1,,false,,,,,,,,
550e8400-e29b-41d4-a716-000000000365,2026-12-30,水,3,心理行動科学Ⅱ,田中,特別講義室,13:00:00,14:30:00,2026-04-01 00:00:00+00,1,,false,,,,,,,,
550e8400-e29b-41d4-a716-000000000366,2026-12-30,水,4,医療法学Ⅱ,大磯,特別講義室,14:40:00,16:10:00,2026-04-01 00:00:00+00,1,,false,,,,,,,,
550e8400-e29b-41d4-a716-000000000367,2026-12-31,木,1,解剖学Ⅰ[組織学],山岸,病理組織実習室,08:50:00,10:20:00,2026-04-01 00:00:00+00,1,,false,,,,,,,,
550e8400-e29b-41d4-a716-000000000368,2026-12-31,木,2,解剖学Ⅰ[組織学],山岸,病理組織実習室,10:30:00,12:00:00,2026-04-01 00:00:00+00,1,,false,,,,,,,,
550e8400-e29b-41d4-a716-000000000369,2026-12-31,木,3,解剖学Ⅰ[組織学],山岸,病理組織実習室,13:00:00,14:30:00,2026-04-01 00:00:00+00,1,,false,,,,,,,,
550e8400-e29b-41d4-a716-000000000370,2026-12-31,木,4,解剖学Ⅰ[組織学],山岸,病理組織実習室,14:40:00,16:10:00,2026-04-01 00:00:00+00,1,,false,,,,,,,,
550e8400-e29b-41d4-a716-000000000371,2027-01-05,火,1,基礎生物学Ⅱ,吉田祥,特別講義室,08:50:00,10:20:00,2026-04-01 00:00:00+00,1,,false,,,,,,,,
550e8400-e29b-41d4-a716-000000000372,2027-01-05,火,2,物理科学Ⅱ,西尾,特別講義室,10:30:00,12:00:00,2026-04-01 00:00:00+00,1,,false,,,,,,,,
550e8400-e29b-41d4-a716-000000000373,2027-01-05,火,3,心理行動科学Ⅱ,田中,特別講義室,13:00:00,14:30:00,2026-04-01 00:00:00+00,1,,false,,,,,,,,
550e8400-e29b-41d4-a716-000000000374,2027-01-06,水,1,物質科学Ⅱ,黒野,特別講義室,08:50:00,10:20:00,2026-04-01 00:00:00+00,1,,false,,,,,,,,
550e8400-e29b-41d4-a716-000000000375,2027-01-07,木,1,倫理学,長田,特別講義室,08:50:00,10:20:00,2026-04-01 00:00:00+00,1,,false,,,,,,,,
550e8400-e29b-41d4-a716-000000000376,2027-01-07,木,2,数理科学Ⅱ,古屋,特別講義室,10:30:00,12:00:00,2026-04-01 00:00:00+00,1,,false,,,,,,,,
550e8400-e29b-41d4-a716-000000000377,2027-01-14,木,1,倫理学,長田,特別講義室,08:50:00,10:20:00,2026-04-01 00:00:00+00,1,,false,,,,,,,,
550e8400-e29b-41d4-a716-000000000378,2027-01-14,木,2,数理科学Ⅱ,古屋,特別講義室,10:30:00,12:00:00,2026-04-01 00:00:00+00,1,,false,,,,,,,,
550e8400-e29b-41d4-a716-000000000379,2027-01-19,火,1,基礎生物学Ⅱ,吉田祥,特別講義室,08:50:00,10:20:00,2026-04-01 00:00:00+00,1,,false,,,,,,,,
550e8400-e29b-41d4-a716-000000000380,2027-01-19,火,2,物理科学Ⅱ,西尾,特別講義室,10:30:00,12:00:00,2026-04-01 00:00:00+00,1,,false,,,,,,,,
550e8400-e29b-41d4-a716-000000000381,2027-01-19,火,3,心理行動科学Ⅱ,田中,特別講義室,13:00:00,14:30:00,2026-04-01 00:00:00+00,1,,false,,,,,,,,
550e8400-e29b-41d4-a716-000000000382,2027-01-20,水,1,医療法学Ⅱ,大磯,特別講義室,08:50:00,10:20:00,2026-04-01 00:00:00+00,1,,false,,,,,,,,
550e8400-e29b-41d4-a716-000000000383,2027-01-21,木,1,倫理学,長田,特別講義室,08:50:00,10:20:00,2026-04-01 00:00:00+00,1,,false,,,,,,,,
550e8400-e29b-41d4-a716-000000000384,2027-01-22,金,1,物質科学Ⅱ,黒野,特別講義室,08:50:00,10:20:00,2026-04-01 00:00:00+00,1,,false,,,,,,,,
550e8400-e29b-41d4-a716-000000000385,2027-01-22,金,2,人間科学ゼミナールⅡ,総合人間科学講座教員,各教室,10:30:00,12:00:00,2026-04-01 00:00:00+00,1,,false,,,,,,,,
550e8400-e29b-41d4-a716-000000000386,2027-01-25,月,1,人間科学ゼミナールⅡ,総合人間科学講座教員,各教室,08:50:00,10:20:00,2026-04-01 00:00:00+00,1,,false,,,,,,,,
550e8400-e29b-41d4-a716-000000000387,2027-01-25,月,2,解剖学Ⅰ[骨学],佐藤・瀬藤,特別講義室,10:30:00,12:00:00,2026-04-01 00:00:00+00,1,,false,,,,,,,,
550e8400-e29b-41d4-a716-000000000388,2027-01-26,火,1,医療法学Ⅱ,大磯,特別講義室,08:50:00,10:20:00,2026-04-01 00:00:00+00,1,,false,,,,,,,,
550e8400-e29b-41d4-a716-000000000389,2027-01-28,木,1,物質科学Ⅱ,黒野,特別講義室,08:50:00,10:20:00,2026-04-01 00:00:00+00,1,,false,,,,,,,,
550e8400-e29b-41d4-a716-000000000390,2027-01-29,金,1,物質科学Ⅱ,黒野,特別講義室,08:50:00,10:20:00,2026-04-01 00:00:00+00,1,,false,,,,,,,,
550e8400-e29b-41d4-a716-000000000391,2027-01-29,金,2,人間科学ゼミナールⅡ,総合人間科学講座教員,各教室,10:30:00,12:00:00,2026-04-01 00:00:00+00,1,,false,,,,,,,,
550e8400-e29b-41d4-a716-000000000392,2027-02-02,火,1,基礎生物学Ⅱ,吉田祥,特別講義室,08:50:00,10:20:00,2026-04-01 00:00:00+00,1,,false,,,,,,,,
550e8400-e29b-41d4-a716-000000000393,2027-02-02,火,2,物理科学Ⅱ,西尾,特別講義室,10:30:00,12:00:00,2026-04-01 00:00:00+00,1,,false,,,,,,,,
550e8400-e29b-41d4-a716-000000000394,2027-02-02,火,3,心理行動科学Ⅱ,田中,特別講義室,13:00:00,14:30:00,2026-04-01 00:00:00+00,1,,false,,,,,,,,
550e8400-e29b-41d4-a716-000000000395,2027-02-05,金,1,物質科学Ⅱ,黒野,特別講義室,08:50:00,10:20:00,2026-04-01 00:00:00+00,1,,false,,,,,,,,
550e8400-e29b-41d4-a716-000000000396,2027-02-05,金,2,人間科学ゼミナールⅡ,総合人間科学講座教員,各教室,10:30:00,12:00:00,2026-04-01 00:00:00+00,1,,false,,,,,,,,
550e8400-e29b-41d4-a716-000000000397,2027-02-09,火,1,基礎生物学Ⅱ,吉田祥,特別講義室,08:50:00,10:20:00,2026-04-01 00:00:00+00,1,,false,,,,,,,,
550e8400-e29b-41d4-a716-000000000398,2027-02-09,火,2,物理科学Ⅱ,西尾,特別講義室,10:30:00,12:00:00,2026-04-01 00:00:00+00,1,,false,,,,,,,,
550e8400-e29b-41d4-a716-000000000399,2027-02-09,火,3,心理行動科学Ⅱ,田中,臨床大,13:00:00,14:30:00,2026-04-01 00:00:00+00,1,,false,,,,,,,,
550e8400-e29b-41d4-a716-000000000400,2027-02-16,火,1,基礎生物学Ⅱ,吉田祥,特別講義室,08:50:00,10:20:00,2026-04-01 00:00:00+00,1,,false,,,,,,,,
550e8400-e29b-41d4-a716-000000000401,2027-02-16,火,2,物理科学Ⅱ,西尾,特別講義室,10:30:00,12:00:00,2026-04-01 00:00:00+00,1,,false,,,,,,,,
550e8400-e29b-41d4-a716-000000000402,2027-02-16,火,3,心理行動科学Ⅱ,田中,特別講義室,13:00:00,14:30:00,2026-04-01 00:00:00+00,1,,false,,,,,,,,
550e8400-e29b-41d4-a716-000000000403,2027-02-17,水,1,医療法学Ⅱ,大磯,臨床大,08:50:00,10:20:00,2026-04-01 00:00:00+00,1,,false,,,,,,,,
550e8400-e29b-41d4-a716-000000000404,2027-02-18,木,1,倫理学,長田,臨床大,08:50:00,10:20:00,2026-04-01 00:00:00+00,1,,false,,,,,,,,
550e8400-e29b-41d4-a716-000000000405,2027-02-23,火,1,人間科学ゼミナール発表会,総合人間科学講座教員,特別講義室,08:50:00,10:20:00,2026-04-01 00:00:00+00,1,,false,,,,,,,,
550e8400-e29b-41d4-a716-000000000406,2027-02-24,水,1,物質科学Ⅱ,黒野,特別講義室,08:50:00,10:20:00,2026-04-01 00:00:00+00,1,,false,,,,,,,,
550e8400-e29b-41d4-a716-000000000407,2027-02-24,水,2,人間科学ゼミナールⅡ,総合人間科学講座教員,各教室,10:30:00,12:00:00,2026-04-01 00:00:00+00,1,,false,,,,,,,,
550e8400-e29b-41d4-a716-000000000408,2026-04-13,月,1,分子基礎医学Ⅰ1,才津,大講義室,08:50:00,10:20:00,2026-04-01 00:00:00+00,2,,false,,,,,,,,
550e8400-e29b-41d4-a716-000000000409,2026-04-13,月,2,分子基礎医学Ⅰ2,山中,大講義室,10:30:00,12:00:00,2026-04-01 00:00:00+00,2,,false,,,,,,,,
550e8400-e29b-41d4-a716-000000000410,2026-04-13,月,3,解剖学Ⅱ1,佐藤康/若山/山岸覚,解剖実習室,13:00:00,14:30:00,2026-04-01 00:00:00+00,2,,false,,,,,,,,
550e8400-e29b-41d4-a716-000000000411,2026-04-13,月,4,解剖学Ⅱ2,佐藤康/若山/山岸覚,解剖実習室,14:40:00,16:10:00,2026-04-01 00:00:00+00,2,,false,,,,,,,,
550e8400-e29b-41d4-a716-000000000412,2026-04-14,火,3,解剖学Ⅱ3,佐藤康/若山/山岸覚,解剖実習室,13:00:00,14:30:00,2026-04-01 00:00:00+00,2,,false,,,,,,,,
550e8400-e29b-41d4-a716-000000000413,2026-04-14,火,4,解剖学Ⅱ4,佐藤康/若山/山岸覚,解剖実習室,14:40:00,16:10:00,2026-04-01 00:00:00+00,2,,false,,,,,,,,
550e8400-e29b-41d4-a716-000000000414,2026-04-15,水,3,解剖学Ⅱ5,佐藤康/若山/山岸覚,解剖実習室,13:00:00,14:30:00,2026-04-01 00:00:00+00,2,,false,,,,,,,,
550e8400-e29b-41d4-a716-000000000415,2026-04-15,水,4,解剖学Ⅱ6,佐藤康/若山/山岸覚,解剖実習室,14:40:00,16:10:00,2026-04-01 00:00:00+00,2,,false,,,,,,,,
550e8400-e29b-41d4-a716-000000000416,2026-04-15,水,1,解剖学Ⅱ7,佐藤康/若山/山岸覚,解剖実習室,08:50:00,10:20:00,2026-04-01 00:00:00+00,2,,false,,,,,,,,
550e8400-e29b-41d4-a716-000000000417,2026-04-15,水,2,解剖学Ⅱ8,佐藤康/若山/山岸覚,解剖実習室,10:30:00,12:00:00,2026-04-01 00:00:00+00,2,,false,,,,,,,,
550e8400-e29b-41d4-a716-000000000418,2026-04-16,木,1,分子基礎医学Ⅰ3,酒井聡,大講義室,08:50:00,10:20:00,2026-04-01 00:00:00+00,2,,false,,,,,,,,
550e8400-e29b-41d4-a716-000000000419,2026-04-16,木,2,解剖学Ⅱ10,佐藤康/若山/山岸覚,解剖実習室,10:30:00,12:00:00,2026-04-01 00:00:00+00,2,,false,,,,,,,,
550e8400-e29b-41d4-a716-000000000420,2026-04-16,木,3,分子基礎医学Ⅰ4,丹伊田,大講義室,13:00:00,14:30:00,2026-04-01 00:00:00+00,2,,false,,,,,,,,
550e8400-e29b-41d4-a716-000000000421,2026-04-17,金,2,医学概論Ⅱ1,五十嵐,大講義室,10:30:00,12:00:00,2026-04-01 00:00:00+00,2,,false,,,,,,,,
550e8400-e29b-41d4-a716-000000000422,2026-04-17,金,3,医学概論Ⅱ2,五十嵐,大講義室,13:00:00,14:30:00,2026-04-01 00:00:00+00,2,,false,,,,,,,,
550e8400-e29b-41d4-a716-000000000423,2026-04-17,金,4,医学概論Ⅱ3,五十嵐,大講義室,14:40:00,16:10:00,2026-04-01 00:00:00+00,2,,false,,,,,,,,
550e8400-e29b-41d4-a716-000000000424,2026-04-20,月,1,分子基礎医学Ⅰ5,才津,大講義室,08:50:00,10:20:00,2026-04-01 00:00:00+00,2,,false,,,,,,,,
550e8400-e29b-41d4-a716-000000000425,2026-04-20,月,2,分子基礎医学Ⅰ6,才津,大講義室,10:30:00,12:00:00,2026-04-01 00:00:00+00,2,,false,,,,,,,,
550e8400-e29b-41d4-a716-000000000426,2026-04-20,月,3,解剖学Ⅱ9,佐藤康/若山/山岸覚,解剖実習室,13:00:00,14:30:00,2026-04-01 00:00:00+00,2,,false,,,,,,,,
550e8400-e29b-41d4-a716-000000000427,2026-04-20,月,4,解剖学Ⅱ10,佐藤康/若山/山岸覚,解剖実習室,14:40:00,16:10:00,2026-04-01 00:00:00+00,2,,false,,,,,,,,
550e8400-e29b-41d4-a716-000000000428,2026-04-21,火,3,解剖学Ⅱ11,若山/山岸覚/*片山泰/佐藤康,解剖実習室,13:00:00,14:30:00,2026-04-01 00:00:00+00,2,,false,,,,,,,,
550e8400-e29b-41d4-a716-000000000429,2026-04-21,火,4,解剖学Ⅱ12,若山/山岸覚/*片山泰/佐藤康,解剖実習室,14:40:00,16:10:00,2026-04-01 00:00:00+00,2,,false,,,,,,,,
550e8400-e29b-41d4-a716-000000000430,2026-04-22,水,1,解剖学Ⅱ13,若山/山岸覚/佐藤康,解剖実習室,08:50:00,10:20:00,2026-04-01 00:00:00+00,2,,false,,,,,,,,
550e8400-e29b-41d4-a716-000000000431,2026-04-22,水,2,解剖学Ⅱ14,若山/山岸覚/佐藤康,解剖実習室,10:30:00,12:00:00,2026-04-01 00:00:00+00,2,,false,,,,,,,,
550e8400-e29b-41d4-a716-000000000432,2026-04-22,水,3,解剖学Ⅱ15,若山/山岸覚/佐藤康,解剖実習室,13:00:00,14:30:00,2026-04-01 00:00:00+00,2,,false,,,,,,,,
550e8400-e29b-41d4-a716-000000000433,2026-04-22,水,4,解剖学Ⅱ16,若山/山岸覚/佐藤康,解剖実習室,14:40:00,16:10:00,2026-04-01 00:00:00+00,2,,false,,,,,,,,
550e8400-e29b-41d4-a716-000000000434,2026-04-23,木,1,分子基礎医学Ⅰ7,丹伊田,大講義室,08:50:00,10:20:00,2026-04-01 00:00:00+00,2,,false,,,,,,,,
550e8400-e29b-41d4-a716-000000000435,2026-04-24,金,2,医学概論Ⅱ4,五十嵐/長田/志田,チュートリアル室,10:30:00,12:00:00,2026-04-01 00:00:00+00,2,,false,,,,,,,,
550e8400-e29b-41d4-a716-000000000436,2026-04-24,金,3,医学概論Ⅱ5,五十嵐/長田/志田,チュートリアル室,13:00:00,14:30:00,2026-04-01 00:00:00+00,2,,false,,,,,,,,
550e8400-e29b-41d4-a716-000000000437,2026-04-24,金,4,医学概論Ⅱ6,五十嵐/長田/志田,チュートリアル室,14:40:00,16:10:00,2026-04-01 00:00:00+00,2,,false,,,,,,,,
550e8400-e29b-41d4-a716-000000000438,2026-04-27,月,1,分子基礎医学Ⅰ9,瀬藤,大講義室,08:50:00,10:20:00,2026-04-01 00:00:00+00,2,,false,,,,,,,,
550e8400-e29b-41d4-a716-000000000439,2026-04-27,月,2,分子基礎医学Ⅰ10,瀬藤,大講義室,10:30:00,12:00:00,2026-04-01 00:00:00+00,2,,false,,,,,,,,
550e8400-e29b-41d4-a716-000000000440,2026-04-27,月,3,解剖学Ⅱ17,若山/山岸覚/*久保田/佐藤康,解剖実習室,13:00:00,14:30:00,2026-04-01 00:00:00+00,2,,false,,,,,,,,
550e8400-e29b-41d4-a716-000000000441,2026-04-27,月,4,解剖学Ⅱ18,若山/山岸覚/*久保田/佐藤康,解剖実習室,14:40:00,16:10:00,2026-04-01 00:00:00+00,2,,false,,,,,,,,
550e8400-e29b-41d4-a716-000000000442,2026-04-28,火,2,医学概論Ⅱ7,竹内裕,大講義室,10:30:00,12:00:00,2026-04-01 00:00:00+00,2,,false,,,,,,,,
550e8400-e29b-41d4-a716-000000000443,2026-04-28,火,3,解剖学Ⅱ19,若山/山岸覚/*片山泰/佐藤康,解剖実習室,13:00:00,14:30:00,2026-04-01 00:00:00+00,2,,false,,,,,,,,
550e8400-e29b-41d4-a716-000000000444,2026-04-28,火,4,解剖学Ⅱ20,若山/山岸覚/*片山泰/佐藤康,解剖実習室,14:40:00,16:10:00,2026-04-01 00:00:00+00,2,,false,,,,,,,,
550e8400-e29b-41d4-a716-000000000445,2026-04-29,水,1,分子基礎医学Ⅰ11,山中,大講義室,08:50:00,10:20:00,2026-04-01 00:00:00+00,2,,false,,,,,,,,
550e8400-e29b-41d4-a716-000000000446,2026-04-30,木,1,分子基礎医学Ⅰ8,丹伊田,大講義室,08:50:00,10:20:00,2026-04-01 00:00:00+00,2,,false,,,,,,,,
550e8400-e29b-41d4-a716-000000000447,2026-04-30,木,2,分子基礎医学Ⅰ12,山中,大講義室,10:30:00,12:00:00,2026-04-01 00:00:00+00,2,,false,,,,,,,,
550e8400-e29b-41d4-a716-000000000448,2026-05-01,金,2,医学概論Ⅱ10,谷口千,大講義室,10:30:00,12:00:00,2026-04-01 00:00:00+00,2,,false,,,,,,,,
550e8400-e29b-41d4-a716-000000000449,2026-05-01,金,3,医学概論Ⅱ11,山口,大講義室,13:00:00,14:30:00,2026-04-01 00:00:00+00,2,,false,,,,,,,,
550e8400-e29b-41d4-a716-000000000450,2026-05-01,金,4,医学概論Ⅱ12,山口,大講義室,14:40:00,16:10:00,2026-04-01 00:00:00+00,2,,false,,,,,,,,
550e8400-e29b-41d4-a716-000000000451,2026-05-11,月,1,分子基礎医学Ⅰ13,大畑,大講義室,08:50:00,10:20:00,2026-04-01 00:00:00+00,2,,false,,,,,,,,
550e8400-e29b-41d4-a716-000000000452,2026-05-11,月,2,分子基礎医学Ⅰ14,山中,大講義室,10:30:00,12:00:00,2026-04-01 00:00:00+00,2,,false,,,,,,,,
550e8400-e29b-41d4-a716-000000000453,2026-05-11,月,3,解剖学Ⅱ21,若山/山岸覚/*野村/佐藤康,解剖実習室,13:00:00,14:30:00,2026-04-01 00:00:00+00,2,,false,,,,,,,,
550e8400-e29b-41d4-a716-000000000454,2026-05-11,月,4,解剖学Ⅱ22,若山/山岸覚/*野村/佐藤康,解剖実習室,14:40:00,16:10:00,2026-04-01 00:00:00+00,2,,false,,,,,,,,
550e8400-e29b-41d4-a716-000000000455,2026-05-12,火,1,解剖学Ⅰ(総論),,特別講義室,08:50:00,10:20:00,2026-04-01 00:00:00+00,2,,false,,,,,,,,
550e8400-e29b-41d4-a716-000000000456,2026-05-12,火,2,解剖学Ⅰ(総論),,特別講義室,10:30:00,12:00:00,2026-04-01 00:00:00+00,2,,false,,,,,,,,
550e8400-e29b-41d4-a716-000000000457,2026-05-12,火,3,解剖学Ⅱ23,瀬藤/華表/平山/張/馬塲,解剖実習室,13:00:00,14:30:00,2026-04-01 00:00:00+00,2,,false,,,,,,,,
550e8400-e29b-41d4-a716-000000000458,2026-05-12,火,4,解剖学Ⅱ24,瀬藤/華表/平山/張/馬塲,解剖実習室,14:40:00,16:10:00,2026-04-01 00:00:00+00,2,,false,,,,,,,,
550e8400-e29b-41d4-a716-000000000459,2026-05-13,水,1,解剖学Ⅱ25,瀬藤/華表/平山/張/馬塲,解剖実習室,08:50:00,10:20:00,2026-04-01 00:00:00+00,2,,false,,,,,,,,
550e8400-e29b-41d4-a716-000000000460,2026-05-13,水,2,解剖学Ⅱ26,瀬藤/華表/平山/張/馬塲,解剖実習室,10:30:00,12:00:00,2026-04-01 00:00:00+00,2,,false,,,,,,,,
550e8400-e29b-41d4-a716-000000000461,2026-05-13,水,3,解剖学Ⅱ27,瀬藤/華表/平山/張/馬塲,解剖実習室,13:00:00,14:30:00,2026-04-01 00:00:00+00,2,,false,,,,,,,,
550e8400-e29b-41d4-a716-000000000462,2026-05-13,水,4,解剖学Ⅱ28,瀬藤/華表/平山/張/馬塲,解剖実習室,14:40:00,16:10:00,2026-04-01 00:00:00+00,2,,false,,,,,,,,
550e8400-e29b-41d4-a716-000000000463,2026-05-14,木,2,分子基礎医学Ⅰ15,才津,大講義室,10:30:00,12:00:00,2026-04-01 00:00:00+00,2,,false,,,,,,,,
550e8400-e29b-41d4-a716-000000000464,2026-05-14,木,3,医学概論Ⅱ13,渡邉裕,大講義室,13:00:00,14:30:00,2026-04-01 00:00:00+00,2,,false,,,,,,,,
550e8400-e29b-41d4-a716-000000000465,2026-05-14,木,4,医学概論Ⅱ14,小田切,大講義室,14:40:00,16:10:00,2026-04-01 00:00:00+00,2,,false,,,,,,,,
550e8400-e29b-41d4-a716-000000000466,2026-05-15,金,2,医学概論Ⅱ15,池谷,特別講義室,10:30:00,12:00:00,2026-04-01 00:00:00+00,2,,false,,,,,,,,
550e8400-e29b-41d4-a716-000000000467,2026-05-15,金,3,医学概論Ⅱ16,五十嵐/樋口/江田/志田,チュートリアル室,13:00:00,14:30:00,2026-04-01 00:00:00+00,2,,false,,,,,,,,
550e8400-e29b-41d4-a716-000000000468,2026-05-15,金,4,医学概論Ⅱ17,五十嵐/樋口/江田/志田,チュートリアル室,14:40:00,16:10:00,2026-04-01 00:00:00+00,2,,false,,,,,,,,
550e8400-e29b-41d4-a716-000000000469,2026-05-18,月,2,分子基礎医学Ⅰ試験,,大講義室,10:30:00,12:00:00,2026-04-01 00:00:00+00,2,,false,,,,,,,,
550e8400-e29b-41d4-a716-000000000470,2026-05-18,月,3,解剖学Ⅱ29,瀬藤/華表/平山/佐藤智/張/馬塲,解剖実習室,13:00:00,14:30:00,2026-04-01 00:00:00+00,2,,false,,,,,,,,
550e8400-e29b-41d4-a716-000000000471,2026-05-18,月,4,解剖学Ⅱ30,瀬藤/華表/平山/佐藤智/張/馬塲,解剖実習室,14:40:00,16:10:00,2026-04-01 00:00:00+00,2,,false,,,,,,,,
550e8400-e29b-41d4-a716-000000000472,2026-05-19,火,1,解剖学Ⅰ(総論),,特別講義室,08:50:00,10:20:00,2026-04-01 00:00:00+00,2,,false,,,,,,,,
550e8400-e29b-41d4-a716-000000000473,2026-05-19,火,2,解剖学Ⅰ(総論),,特別講義室,10:30:00,12:00:00,2026-04-01 00:00:00+00,2,,false,,,,,,,,
550e8400-e29b-41d4-a716-000000000474,2026-05-19,火,3,解剖学Ⅱ31,瀬藤/華表/平山/張/馬塲,解剖実習室,13:00:00,14:30:00,2026-04-01 00:00:00+00,2,,false,,,,,,,,
550e8400-e29b-41d4-a716-000000000475,2026-05-19,火,4,解剖学Ⅱ32,瀬藤/華表/平山/張/馬塲,解剖実習室,14:40:00,16:10:00,2026-04-01 00:00:00+00,2,,false,,,,,,,,
550e8400-e29b-41d4-a716-000000000476,2026-05-20,水,1,解剖学Ⅱ33,瀬藤/華表/平山/張/馬塲,解剖実習室,08:50:00,10:20:00,2026-04-01 00:00:00+00,2,,false,,,,,,,,
550e8400-e29b-41d4-a716-000000000477,2026-05-20,水,2,解剖学Ⅱ34,瀬藤/華表/平山/張/馬塲,解剖実習室,10:30:00,12:00:00,2026-04-01 00:00:00+00,2,,false,,,,,,,,
550e8400-e29b-41d4-a716-000000000478,2026-05-20,水,3,解剖学Ⅱ35,瀬藤/華表/平山/張/馬塲,解剖実習室,13:00:00,14:30:00,2026-04-01 00:00:00+00,2,,false,,,,,,,,
550e8400-e29b-41d4-a716-000000000479,2026-05-20,水,4,解剖学Ⅱ36,瀬藤/華表/平山/張/馬塲,解剖実習室,14:40:00,16:10:00,2026-04-01 00:00:00+00,2,,false,,,,,,,,
550e8400-e29b-41d4-a716-000000000480,2026-05-22,金,2,医学概論Ⅱ19,田中,301,10:30:00,12:00:00,2026-04-01 00:00:00+00,2,,false,,,,,,,,
550e8400-e29b-41d4-a716-000000000481,2026-05-22,金,3,医学概論Ⅱ20,井上真,301,13:00:00,14:30:00,2026-04-01 00:00:00+00,2,,false,,,,,,,,
550e8400-e29b-41d4-a716-000000000482,2026-05-22,金,4,医学概論Ⅱ21,北西,301,14:40:00,16:10:00,2026-04-01 00:00:00+00,2,,false,,,,,,,,
550e8400-e29b-41d4-a716-000000000483,2026-05-25,月,2,分子基礎医学Ⅱ1,本藏,201,10:30:00,12:00:00,2026-04-01 00:00:00+00,2,,false,,,,,,,,
550e8400-e29b-41d4-a716-000000000484,2026-05-25,月,3,分子基礎医学Ⅱ2,本藏,201,13:00:00,14:30:00,2026-04-01 00:00:00+00,2,,false,,,,,,,,
550e8400-e29b-41d4-a716-000000000485,2026-05-25,月,3,解剖学Ⅱ37,瀬藤/華表/平山/佐藤智/張/馬塲,解剖実習室,13:00:00,14:30:00,2026-04-01 00:00:00+00,2,,false,,,,,,,,
550e8400-e29b-41d4-a716-000000000486,2026-05-25,月,4,解剖学Ⅱ38,瀬藤/華表/平山/佐藤智/張/馬塲,解剖実習室,14:40:00,16:10:00,2026-04-01 00:00:00+00,2,,false,,,,,,,,
550e8400-e29b-41d4-a716-000000000487,2026-05-26,火,1,解剖学Ⅰ(総論),,特別講義室,08:50:00,10:20:00,2026-04-01 00:00:00+00,2,,false,,,,,,,,
550e8400-e29b-41d4-a716-000000000488,2026-05-26,火,2,解剖学Ⅰ(総論),,特別講義室,10:30:00,12:00:00,2026-04-01 00:00:00+00,2,,false,,,,,,,,
550e8400-e29b-41d4-a716-000000000489,2026-05-26,火,3,解剖学Ⅱ39,瀬藤/華表/平山/張/馬塲,解剖実習室,13:00:00,14:30:00,2026-04-01 00:00:00+00,2,,false,,,,,,,,
550e8400-e29b-41d4-a716-000000000490,2026-05-26,火,4,解剖学Ⅱ40,瀬藤/華表/平山/張/馬塲,解剖実習室,14:40:00,16:10:00,2026-04-01 00:00:00+00,2,,false,,,,,,,,
550e8400-e29b-41d4-a716-000000000491,2026-05-27,水,1,解剖学Ⅱ41,佐藤康,解剖実習室,08:50:00,10:20:00,2026-04-01 00:00:00+00,2,,false,,,,,,,,
550e8400-e29b-41d4-a716-000000000492,2026-05-28,木,1,分子基礎医学Ⅱ3,新明,大講義室,08:50:00,10:20:00,2026-04-01 00:00:00+00,2,,false,,,,,,,,
550e8400-e29b-41d4-a716-000000000493,2026-05-28,木,2,解剖学Ⅱ42,佐藤康,解剖実習室,10:30:00,12:00:00,2026-04-01 00:00:00+00,2,,false,,,,,,,,
550e8400-e29b-41d4-a716-000000000494,2026-05-28,木,3,解剖学Ⅱ43,佐藤康,解剖実習室,13:00:00,14:30:00,2026-04-01 00:00:00+00,2,,false,,,,,,,,
550e8400-e29b-41d4-a716-000000000495,2026-05-28,木,4,解剖学Ⅱ44,佐藤康,解剖実習室,14:40:00,16:10:00,2026-04-01 00:00:00+00,2,,false,,,,,,,,
550e8400-e29b-41d4-a716-000000000496,2026-05-29,金,1,医学概論Ⅱ24,池谷,大講義室,08:50:00,10:20:00,2026-04-01 00:00:00+00,2,,false,,,,,,,,
550e8400-e29b-41d4-a716-000000000497,2026-05-29,金,2,医学概論Ⅱ25,田中,大講義室,10:30:00,12:00:00,2026-04-01 00:00:00+00,2,,false,,,,,,,,
550e8400-e29b-41d4-a716-000000000498,2026-05-29,金,3,医学概論Ⅱ26,牧野,大講義室,13:00:00,14:30:00,2026-04-01 00:00:00+00,2,,false,,,,,,,,
550e8400-e29b-41d4-a716-000000000499,2026-05-30,土,2,分子基礎医学Ⅱ4,新明,大講義室,10:30:00,12:00:00,2026-04-01 00:00:00+00,2,,false,,,,,,,,
550e8400-e29b-41d4-a716-000000000500,2026-05-30,土,3,医学概論Ⅱ22,中村和,大講義室,13:00:00,14:30:00,2026-04-01 00:00:00+00,2,,false,,,,,,,,
550e8400-e29b-41d4-a716-000000000501,2026-05-30,土,4,医学概論Ⅱ23,長田,大講義室,14:40:00,16:10:00,2026-04-01 00:00:00+00,2,,false,,,,,,,,
550e8400-e29b-41d4-a716-000000000502,2026-06-01,月,1,分子基礎医学Ⅱ5,石橋,301,08:50:00,10:20:00,2026-04-01 00:00:00+00,2,,false,,,,,,,,
550e8400-e29b-41d4-a716-000000000503,2026-06-01,月,2,分子基礎医学Ⅱ6,浜辺,301,10:30:00,12:00:00,2026-04-01 00:00:00+00,2,,false,,,,,,,,
550e8400-e29b-41d4-a716-000000000504,2026-06-01,月,3,解剖学Ⅱ45,若山/佐藤康,解剖実習室,13:00:00,14:30:00,2026-04-01 00:00:00+00,2,,false,,,,,,,,
550e8400-e29b-41d4-a716-000000000505,2026-06-01,月,4,解剖学Ⅱ46,若山/佐藤康,解剖実習室,14:40:00,16:10:00,2026-04-01 00:00:00+00,2,,false,,,,,,,,
550e8400-e29b-41d4-a716-000000000506,2026-06-02,火,1,解剖学Ⅰ(総論),,特別講義室,08:50:00,10:20:00,2026-04-01 00:00:00+00,2,,false,,,,,,,,
550e8400-e29b-41d4-a716-000000000507,2026-06-02,火,2,解剖学Ⅰ(総論),,特別講義室,10:30:00,12:00:00,2026-04-01 00:00:00+00,2,,false,,,,,,,,
550e8400-e29b-41d4-a716-000000000508,2026-06-02,火,3,解剖学Ⅱ47,若山/佐藤康,解剖実習室,13:00:00,14:30:00,2026-04-01 00:00:00+00,2,,false,,,,,,,,
550e8400-e29b-41d4-a716-000000000509,2026-06-02,火,4,解剖学Ⅱ48,若山/佐藤康,解剖実習室,14:40:00,16:10:00,2026-04-01 00:00:00+00,2,,false,,,,,,,,
550e8400-e29b-41d4-a716-000000000510,2026-06-03,水,1,解剖学Ⅱ49,小西巧/佐藤康,解剖実習室,08:50:00,10:20:00,2026-04-01 00:00:00+00,2,,false,,,,,,,,
550e8400-e29b-41d4-a716-000000000511,2026-06-03,水,2,解剖学Ⅱ50,小西巧/佐藤康,解剖実習室,10:30:00,12:00:00,2026-04-01 00:00:00+00,2,,false,,,,,,,,
550e8400-e29b-41d4-a716-000000000512,2026-06-03,水,3,解剖学Ⅱ51,小西巧/佐藤康,解剖実習室,13:00:00,14:30:00,2026-04-01 00:00:00+00,2,,false,,,,,,,,
550e8400-e29b-41d4-a716-000000000513,2026-06-03,水,4,解剖学Ⅱ52,小西巧/佐藤康,解剖実習室,14:40:00,16:10:00,2026-04-01 00:00:00+00,2,,false,,,,,,,,
550e8400-e29b-41d4-a716-000000000514,2026-06-04,木,1,分子基礎医学Ⅱ7,新明,大講義室,08:50:00,10:20:00,2026-04-01 00:00:00+00,2,,false,,,,,,,,
550e8400-e29b-41d4-a716-000000000515,2026-06-04,木,2,分子基礎医学Ⅱ8,新明,大講義室,10:30:00,12:00:00,2026-04-01 00:00:00+00,2,,false,,,,,,,,
550e8400-e29b-41d4-a716-000000000516,2026-06-04,木,3,医学概論Ⅱ27,小田切,301,13:00:00,14:30:00,2026-04-01 00:00:00+00,2,,false,,,,,,,,
550e8400-e29b-41d4-a716-000000000517,2026-06-04,木,4,医学概論Ⅱ28,小田切,301,14:40:00,16:10:00,2026-04-01 00:00:00+00,2,,false,,,,,,,,
550e8400-e29b-41d4-a716-000000000518,2026-06-05,金,3,医学概論Ⅱ29,加藤浩,101,13:00:00,14:30:00,2026-04-01 00:00:00+00,2,,false,,,,,,,,
550e8400-e29b-41d4-a716-000000000519,2026-06-05,金,4,医学概論Ⅱ30,齋藤,101,14:40:00,16:10:00,2026-04-01 00:00:00+00,2,,false,,,,,,,,
550e8400-e29b-41d4-a716-000000000520,2026-06-08,月,1,分子基礎医学Ⅱ9,鈴木優,101,08:50:00,10:20:00,2026-04-01 00:00:00+00,2,,false,,,,,,,,
550e8400-e29b-41d4-a716-000000000521,2026-06-08,月,2,分子基礎医学Ⅱ10,鈴木優,101,10:30:00,12:00:00,2026-04-01 00:00:00+00,2,,false,,,,,,,,
550e8400-e29b-41d4-a716-000000000522,2026-06-08,月,3,解剖学Ⅱ53,小西巧/佐藤康,解剖実習室,13:00:00,14:30:00,2026-04-01 00:00:00+00,2,,false,,,,,,,,
550e8400-e29b-41d4-a716-000000000523,2026-06-08,月,4,解剖学Ⅱ54,小西巧/佐藤康,解剖実習室,14:40:00,16:10:00,2026-04-01 00:00:00+00,2,,false,,,,,,,,
550e8400-e29b-41d4-a716-000000000524,2026-06-09,火,1,解剖学Ⅱ55,小西巧/佐藤康,解剖実習室,08:50:00,10:20:00,2026-04-01 00:00:00+00,2,,false,,,,,,,,
550e8400-e29b-41d4-a716-000000000525,2026-06-09,火,2,解剖学Ⅱ56,小西巧/佐藤康,解剖実習室,10:30:00,12:00:00,2026-04-01 00:00:00+00,2,,false,,,,,,,,
550e8400-e29b-41d4-a716-000000000526,2026-06-09,火,3,解剖学Ⅱ57,小西巧/佐藤康,解剖実習室,13:00:00,14:30:00,2026-04-01 00:00:00+00,2,,false,,,,,,,,
550e8400-e29b-41d4-a716-000000000527,2026-06-09,火,4,解剖学Ⅱ58,小西巧/佐藤康,解剖実習室,14:40:00,16:10:00,2026-04-01 00:00:00+00,2,,false,,,,,,,,
550e8400-e29b-41d4-a716-000000000528,2026-06-10,水,1,解剖学Ⅱ59,小西巧/佐藤康,解剖実習室,08:50:00,10:20:00,2026-04-01 00:00:00+00,2,,false,,,,,,,,
550e8400-e29b-41d4-a716-000000000529,2026-06-10,水,2,解剖学Ⅱ60,小西巧/佐藤康,解剖実習室,10:30:00,12:00:00,2026-04-01 00:00:00+00,2,,false,,,,,,,,
550e8400-e29b-41d4-a716-000000000530,2026-06-12,金,1,分子基礎医学Ⅱ11,鈴木優,大講義室,08:50:00,10:20:00,2026-04-01 00:00:00+00,2,,false,,,,,,,,
550e8400-e29b-41d4-a716-000000000531,2026-06-12,金,2,分子基礎医学Ⅱ12,鈴木優,大講義室,10:30:00,12:00:00,2026-04-01 00:00:00+00,2,,false,,,,,,,,
550e8400-e29b-41d4-a716-000000000532,2026-06-12,金,3,解剖学Ⅱ61,瀬藤/華表/平山/佐藤智/張/馬塲,解剖実習室,13:00:00,14:30:00,2026-04-01 00:00:00+00,2,,false,,,,,,,,
550e8400-e29b-41d4-a716-000000000533,2026-06-12,金,4,解剖学Ⅱ62,瀬藤/華表/平山/佐藤智/張/馬塲,解剖実習室,14:40:00,16:10:00,2026-04-01 00:00:00+00,2,,false,,,,,,,,
550e8400-e29b-41d4-a716-000000000534,2026-06-15,月,1,分子基礎医学Ⅱ試験,,大講義室,08:50:00,10:20:00,2026-04-01 00:00:00+00,2,,false,,,,,,,,
550e8400-e29b-41d4-a716-000000000535,2026-06-15,月,3,解剖学Ⅱ63,瀬藤/華表/平山/張/馬塲,解剖実習室,13:00:00,14:30:00,2026-04-01 00:00:00+00,2,,false,,,,,,,,
550e8400-e29b-41d4-a716-000000000536,2026-06-15,月,4,解剖学Ⅱ64,瀬藤/華表/平山/張/馬塲,解剖実習室,14:40:00,16:10:00,2026-04-01 00:00:00+00,2,,false,,,,,,,,
550e8400-e29b-41d4-a716-000000000537,2026-06-16,火,1,解剖学Ⅰ(総論),,特別講義室,08:50:00,10:20:00,2026-04-01 00:00:00+00,2,,false,,,,,,,,
550e8400-e29b-41d4-a716-000000000538,2026-06-16,火,2,解剖学Ⅰ(総論),,特別講義室,10:30:00,12:00:00,2026-04-01 00:00:00+00,2,,false,,,,,,,,
550e8400-e29b-41d4-a716-000000000539,2026-06-16,火,3,解剖学Ⅱ65,瀬藤/華表/平山/張/馬塲,解剖実習室,13:00:00,14:30:00,2026-04-01 00:00:00+00,2,,false,,,,,,,,
550e8400-e29b-41d4-a716-000000000540,2026-06-16,火,4,解剖学Ⅱ66,瀬藤/華表/平山/張/馬塲,解剖実習室,14:40:00,16:10:00,2026-04-01 00:00:00+00,2,,false,,,,,,,,
550e8400-e29b-41d4-a716-000000000541,2026-06-17,水,1,解剖学Ⅱ67,瀬藤/華表/平山/張/馬塲,解剖実習室,08:50:00,10:20:00,2026-04-01 00:00:00+00,2,,false,,,,,,,,
550e8400-e29b-41d4-a716-000000000542,2026-06-17,水,2,解剖学Ⅱ68,瀬藤/華表/平山/張/馬塲,解剖実習室,10:30:00,12:00:00,2026-04-01 00:00:00+00,2,,false,,,,,,,,
550e8400-e29b-41d4-a716-000000000543,2026-06-22,月,1,分子基礎医学Ⅱ13,新明,301,08:50:00,10:20:00,2026-04-01 00:00:00+00,2,,false,,,,,,,,
550e8400-e29b-41d4-a716-000000000544,2026-06-22,月,2,分子基礎医学Ⅱ14,新明,301,10:30:00,12:00:00,2026-04-01 00:00:00+00,2,,false,,,,,,,,
550e8400-e29b-41d4-a716-000000000545,2026-06-22,月,3,解剖学Ⅱ69,瀬藤/華表/平山/佐藤智/張/馬塲,解剖実習室,13:00:00,14:30:00,2026-04-01 00:00:00+00,2,,false,,,,,,,,
550e8400-e29b-41d4-a716-000000000546,2026-06-22,月,4,解剖学Ⅱ70,瀬藤/華表/平山/佐藤智/張/馬塲,解剖実習室,14:40:00,16:10:00,2026-04-01 00:00:00+00,2,,false,,,,,,,,
550e8400-e29b-41d4-a716-000000000547,2026-06-23,火,1,解剖学Ⅰ(総論),,特別講義室,08:50:00,10:20:00,2026-04-01 00:00:00+00,2,,false,,,,,,,,
550e8400-e29b-41d4-a716-000000000548,2026-06-23,火,2,解剖学Ⅰ(総論),,特別講義室,10:30:00,12:00:00,2026-04-01 00:00:00+00,2,,false,,,,,,,,
550e8400-e29b-41d4-a716-000000000549,2026-06-23,火,3,解剖学Ⅱ72,瀬藤/華表/平山/張/馬塲,解剖実習室,13:00:00,14:30:00,2026-04-01 00:00:00+00,2,,false,,,,,,,,
550e8400-e29b-41d4-a716-000000000550,2026-06-24,水,1,解剖学Ⅱ73,瀬藤/華表/平山/張/馬塲,解剖実習室,08:50:00,10:20:00,2026-04-01 00:00:00+00,2,,false,,,,,,,,
550e8400-e29b-41d4-a716-000000000551,2026-06-24,水,2,解剖学Ⅱ74,瀬藤/華表/平山/張/馬塲,解剖実習室,10:30:00,12:00:00,2026-04-01 00:00:00+00,2,,false,,,,,,,,
550e8400-e29b-41d4-a716-000000000552,2026-06-24,水,3,解剖学Ⅱ75,瀬藤/華表/平山/張/馬塲,解剖実習室,13:00:00,14:30:00,2026-04-01 00:00:00+00,2,,false,,,,,,,,
550e8400-e29b-41d4-a716-000000000553,2026-06-24,水,4,解剖学Ⅱ76,瀬藤/華表/平山/張/馬塲,解剖実習室,14:40:00,16:10:00,2026-04-01 00:00:00+00,2,,false,,,,,,,,
550e8400-e29b-41d4-a716-000000000554,2026-06-25,木,2,分子基礎医学Ⅱ15,諸岡,大講義室,10:30:00,12:00:00,2026-04-01 00:00:00+00,2,,false,,,,,,,,
550e8400-e29b-41d4-a716-000000000555,2026-06-25,木,3,医学概論Ⅱ35,小泉慎,大講義室,13:00:00,14:30:00,2026-04-01 00:00:00+00,2,,false,,,,,,,,
550e8400-e29b-41d4-a716-000000000556,2026-06-25,木,4,医学概論Ⅱ36,山内,大講義室,14:40:00,16:10:00,2026-04-01 00:00:00+00,2,,false,,,,,,,,
550e8400-e29b-41d4-a716-000000000557,2026-06-26,金,3,医学概論Ⅱ37,五十嵐/小田切/田中/谷口千/志田,チュートリアル室,13:00:00,14:30:00,2026-04-01 00:00:00+00,2,,false,,,,,,,,
550e8400-e29b-41d4-a716-000000000558,2026-06-26,金,4,医学概論Ⅱ38,五十嵐/小田切/田中/谷口千/志田,チュートリアル室,14:40:00,16:10:00,2026-04-01 00:00:00+00,2,,false,,,,,,,,
550e8400-e29b-41d4-a716-000000000559,2026-06-29,月,3,解剖学Ⅱ77,瀬藤/華表/平山/佐藤智/張/馬塲,解剖実習室,13:00:00,14:30:00,2026-04-01 00:00:00+00,2,,false,,,,,,,,
550e8400-e29b-41d4-a716-000000000560,2026-06-29,月,4,解剖学Ⅱ78,瀬藤/華表/平山/佐藤智/張/馬塲,解剖実習室,14:40:00,16:10:00,2026-04-01 00:00:00+00,2,,false,,,,,,,,
550e8400-e29b-41d4-a716-000000000561,2026-06-30,火,1,解剖学Ⅰ(総論),,特別講義室,08:50:00,10:20:00,2026-04-01 00:00:00+00,2,,false,,,,,,,,
550e8400-e29b-41d4-a716-000000000562,2026-06-30,火,2,解剖学Ⅰ(総論),,特別講義室,10:30:00,12:00:00,2026-04-01 00:00:00+00,2,,false,,,,,,,,
550e8400-e29b-41d4-a716-000000000563,2026-06-30,火,3,解剖学Ⅱ79,瀬藤/華表/平山/張/馬塲,解剖実習室,13:00:00,14:30:00,2026-04-01 00:00:00+00,2,,false,,,,,,,,
550e8400-e29b-41d4-a716-000000000564,2026-06-30,火,4,解剖学Ⅱ80,瀬藤/華表/平山/張/馬塲,解剖実習室,14:40:00,16:10:00,2026-04-01 00:00:00+00,2,,false,,,,,,,,
550e8400-e29b-41d4-a716-000000000565,2026-07-01,水,1,解剖学Ⅱ81,瀬藤/華表/平山/張/馬塲,解剖実習室,08:50:00,10:20:00,2026-04-01 00:00:00+00,2,,false,,,,,,,,
550e8400-e29b-41d4-a716-000000000566,2026-07-01,水,2,解剖学Ⅱ82,瀬藤/華表/平山/張/馬塲,解剖実習室,10:30:00,12:00:00,2026-04-01 00:00:00+00,2,,false,,,,,,,,
550e8400-e29b-41d4-a716-000000000567,2026-07-01,水,3,解剖学Ⅱ83,瀬藤/華表/平山/張/馬塲,解剖実習室,13:00:00,14:30:00,2026-04-01 00:00:00+00,2,,false,,,,,,,,
550e8400-e29b-41d4-a716-000000000568,2026-07-01,水,4,解剖学Ⅱ84,瀬藤/華表/平山/張/馬塲,解剖実習室,14:40:00,16:10:00,2026-04-01 00:00:00+00,2,,false,,,,,,,,
550e8400-e29b-41d4-a716-000000000569,2026-07-06,月,3,解剖学Ⅱ85,瀬藤/華表/平山/佐藤智/張/馬塲,解剖実習室,13:00:00,14:30:00,2026-04-01 00:00:00+00,2,,false,,,,,,,,
550e8400-e29b-41d4-a716-000000000570,2026-07-06,月,4,解剖学Ⅱ86,瀬藤/華表/平山/佐藤智/張/馬塲,解剖実習室,14:40:00,16:10:00,2026-04-01 00:00:00+00,2,,false,,,,,,,,
550e8400-e29b-41d4-a716-000000000571,2026-07-07,火,3,解剖学Ⅱ87,瀬藤/華表/平山/張/馬塲,解剖実習室,13:00:00,14:30:00,2026-04-01 00:00:00+00,2,,false,,,,,,,,
550e8400-e29b-41d4-a716-000000000572,2026-07-07,火,4,解剖学Ⅱ88,瀬藤/華表/平山/張/馬塲,解剖実習室,14:40:00,16:10:00,2026-04-01 00:00:00+00,2,,false,,,,,,,,
550e8400-e29b-41d4-a716-000000000573,2026-07-08,水,1,解剖学Ⅱ89,瀬藤/華表/平山/張/馬塲,解剖実習室,08:50:00,10:20:00,2026-04-01 00:00:00+00,2,,false,,,,,,,,
550e8400-e29b-41d4-a716-000000000574,2026-07-08,水,2,解剖学Ⅱ90,瀬藤/華表/平山/張/馬塲,解剖実習室,10:30:00,12:00:00,2026-04-01 00:00:00+00,2,,false,,,,,,,,
550e8400-e29b-41d4-a716-000000000575,2026-07-13,月,3,解剖学Ⅱ91,若山/山岸覚/佐藤康,解剖実習室,13:00:00,14:30:00,2026-04-01 00:00:00+00,2,,false,,,,,,,,
550e8400-e29b-41d4-a716-000000000576,2026-07-13,月,4,解剖学Ⅱ92,若山/山岸覚/佐藤康,解剖実習室,14:40:00,16:10:00,2026-04-01 00:00:00+00,2,,false,,,,,,,,
550e8400-e29b-41d4-a716-000000000577,2026-07-14,火,3,解剖学Ⅱ93,若山/山岸覚/佐藤康,解剖実習室,13:00:00,14:30:00,2026-04-01 00:00:00+00,2,,false,,,,,,,,
550e8400-e29b-41d4-a716-000000000578,2026-07-14,火,4,解剖学Ⅱ94,若山/山岸覚/佐藤康,解剖実習室,14:40:00,16:10:00,2026-04-01 00:00:00+00,2,,false,,,,,,,,
550e8400-e29b-41d4-a716-000000000579,2026-08-24,月,4,解剖学Ⅱ最終試験,,臨床大,14:40:00,16:10:00,2026-04-01 00:00:00+00,2,,false,,,,,,,,
550e8400-e29b-41d4-a716-000000000580,2026-08-27,木,1,感染症学・免疫学1,岩谷,大講義室,08:50:00,10:20:00,2026-04-01 00:00:00+00,2,,false,,,,,,,,
550e8400-e29b-41d4-a716-000000000581,2026-08-27,木,2,感染症学・免疫学2,岩谷,大講義室,10:30:00,12:00:00,2026-04-01 00:00:00+00,2,,false,,,,,,,,
550e8400-e29b-41d4-a716-000000000582,2026-08-27,木,3,生化学1,才津,大講義室,13:00:00,14:30:00,2026-04-01 00:00:00+00,2,,false,,,,,,,,
550e8400-e29b-41d4-a716-000000000583,2026-08-27,木,4,生化学2,才津,大講義室,14:40:00,16:10:00,2026-04-01 00:00:00+00,2,,false,,,,,,,,
550e8400-e29b-41d4-a716-000000000584,2026-08-28,金,1,生化学3,才津,大講義室,08:50:00,10:20:00,2026-04-01 00:00:00+00,2,,false,,,,,,,,
550e8400-e29b-41d4-a716-000000000585,2026-08-28,金,2,生化学4,才津,大講義室,10:30:00,12:00:00,2026-04-01 00:00:00+00,2,,false,,,,,,,,
550e8400-e29b-41d4-a716-000000000586,2026-08-28,金,3,生理学1,鈴木優,大講義室,13:00:00,14:30:00,2026-04-01 00:00:00+00,2,,false,,,,,,,,
550e8400-e29b-41d4-a716-000000000587,2026-08-28,金,4,生理学2,鈴木優,大講義室,14:40:00,16:10:00,2026-04-01 00:00:00+00,2,,false,,,,,,,,
550e8400-e29b-41d4-a716-000000000588,2026-08-31,月,1,病理学(総論)1,岩下,大講義室,08:50:00,10:20:00,2026-04-01 00:00:00+00,2,,false,,,,,,,,
550e8400-e29b-41d4-a716-000000000589,2026-08-31,月,2,病理学(総論)2,岩下,大講義室,10:30:00,12:00:00,2026-04-01 00:00:00+00,2,,false,,,,,,,,
550e8400-e29b-41d4-a716-000000000590,2026-08-31,月,3,生化学5,才津,201,13:00:00,14:30:00,2026-04-01 00:00:00+00,2,,false,,,,,,,,
550e8400-e29b-41d4-a716-000000000591,2026-08-31,月,4,生化学6,才津,201,14:40:00,16:10:00,2026-04-01 00:00:00+00,2,,false,,,,,,,,
550e8400-e29b-41d4-a716-000000000592,2026-09-01,火,1,感染症学・免疫学3,伊藤昌,大講義室,08:50:00,10:20:00,2026-04-01 00:00:00+00,2,,false,,,,,,,,
550e8400-e29b-41d4-a716-000000000593,2026-09-01,火,2,感染症学・免疫学4,伊藤昌,大講義室,10:30:00,12:00:00,2026-04-01 00:00:00+00,2,,false,,,,,,,,
550e8400-e29b-41d4-a716-000000000594,2026-09-02,水,1,生理学3,新明,大講義室,08:50:00,10:20:00,2026-04-01 00:00:00+00,2,,false,,,,,,,,
550e8400-e29b-41d4-a716-000000000595,2026-09-02,水,2,生理学4,石橋,大講義室,10:30:00,12:00:00,2026-04-01 00:00:00+00,2,,false,,,,,,,,
550e8400-e29b-41d4-a716-000000000596,2026-09-02,水,3,感染症学・免疫学5,岩谷,大講義室,13:00:00,14:30:00,2026-04-01 00:00:00+00,2,,false,,,,,,,,
550e8400-e29b-41d4-a716-000000000597,2026-09-02,水,4,感染症学・免疫学6,岩谷,大講義室,14:40:00,16:10:00,2026-04-01 00:00:00+00,2,,false,,,,,,,,
550e8400-e29b-41d4-a716-000000000598,2026-09-03,木,1,感染症学・免疫学7,岩谷,大講義室,08:50:00,10:20:00,2026-04-01 00:00:00+00,2,,false,,,,,,,,
550e8400-e29b-41d4-a716-000000000599,2026-09-03,木,2,感染症学・免疫学8,岩谷,大講義室,10:30:00,12:00:00,2026-04-01 00:00:00+00,2,,false,,,,,,,,
550e8400-e29b-41d4-a716-000000000600,2026-09-03,木,3,感染症学・免疫学9,岩谷,大講義室,13:00:00,14:30:00,2026-04-01 00:00:00+00,2,,false,,,,,,,,
550e8400-e29b-41d4-a716-000000000601,2026-09-03,木,4,感染症学・免疫学10,永田年,大講義室,14:40:00,16:10:00,2026-04-01 00:00:00+00,2,,false,,,,,,,,
550e8400-e29b-41d4-a716-000000000602,2026-09-04,金,1,生理学5,諸岡,大講義室,08:50:00,10:20:00,2026-04-01 00:00:00+00,2,,false,,,,,,,,
550e8400-e29b-41d4-a716-000000000603,2026-09-04,金,2,生理学6,鈴木優,大講義室,10:30:00,12:00:00,2026-04-01 00:00:00+00,2,,false,,,,,,,,
550e8400-e29b-41d4-a716-000000000604,2026-09-07,月,1,生化学7,丹伊田,大講義室,08:50:00,10:20:00,2026-04-01 00:00:00+00,2,,false,,,,,,,,
550e8400-e29b-41d4-a716-000000000605,2026-09-07,月,2,生化学8,丹伊田,大講義室,10:30:00,12:00:00,2026-04-01 00:00:00+00,2,,false,,,,,,,,
550e8400-e29b-41d4-a716-000000000606,2026-09-07,月,3,病理学(総論)3,岩下,101,13:00:00,14:30:00,2026-04-01 00:00:00+00,2,,false,,,,,,,,
550e8400-e29b-41d4-a716-000000000607,2026-09-07,月,4,病理学(総論)4,新村,101,14:40:00,16:10:00,2026-04-01 00:00:00+00,2,,false,,,,,,,,
550e8400-e29b-41d4-a716-000000000608,2026-09-08,火,3,病理学(総論)5,新村,大講義室,13:00:00,14:30:00,2026-04-01 00:00:00+00,2,,false,,,,,,,,
550e8400-e29b-41d4-a716-000000000609,2026-09-08,火,4,病理学(総論)6,新村,大講義室,14:40:00,16:10:00,2026-04-01 00:00:00+00,2,,false,,,,,,,,
550e8400-e29b-41d4-a716-000000000610,2026-09-09,水,1,生理学7,石橋,大講義室,08:50:00,10:20:00,2026-04-01 00:00:00+00,2,,false,,,,,,,,
550e8400-e29b-41d4-a716-000000000611,2026-09-09,水,2,生理学8,新明,大講義室,10:30:00,12:00:00,2026-04-01 00:00:00+00,2,,false,,,,,,,,
550e8400-e29b-41d4-a716-000000000612,2026-09-09,水,3,病理学(総論)7☆,榎本泰/岩下/河崎,病理組織実習室,13:00:00,14:30:00,2026-04-01 00:00:00+00,2,,false,,,,,,,,
550e8400-e29b-41d4-a716-000000000613,2026-09-09,水,4,病理学(総論)8☆,榎本泰/岩下/河崎,病理組織実習室,14:40:00,16:10:00,2026-04-01 00:00:00+00,2,,false,,,,,,,,
550e8400-e29b-41d4-a716-000000000614,2026-09-10,木,1,生化学9,丹伊田,大講義室,08:50:00,10:20:00,2026-04-01 00:00:00+00,2,,false,,,,,,,,
550e8400-e29b-41d4-a716-000000000615,2026-09-10,木,2,生化学10,丹伊田,大講義室,10:30:00,12:00:00,2026-04-01 00:00:00+00,2,,false,,,,,,,,
550e8400-e29b-41d4-a716-000000000616,2026-09-14,月,3,生理学9,鈴木優,大講義室,13:00:00,14:30:00,2026-04-01 00:00:00+00,2,,false,,,,,,,,
550e8400-e29b-41d4-a716-000000000617,2026-09-14,月,4,生理学10,鈴木優,大講義室,14:40:00,16:10:00,2026-04-01 00:00:00+00,2,,false,,,,,,,,
550e8400-e29b-41d4-a716-000000000618,2026-09-15,火,1,生化学11,丹伊田,大講義室,08:50:00,10:20:00,2026-04-01 00:00:00+00,2,,false,,,,,,,,
550e8400-e29b-41d4-a716-000000000619,2026-09-15,火,2,生化学12,宮本,大講義室,10:30:00,12:00:00,2026-04-01 00:00:00+00,2,,false,,,,,,,,
550e8400-e29b-41d4-a716-000000000620,2026-09-16,水,1,生理学11,石橋,大講義室,08:50:00,10:20:00,2026-04-01 00:00:00+00,2,,false,,,,,,,,
550e8400-e29b-41d4-a716-000000000621,2026-09-16,水,2,生理学12,浜辺,大講義室,10:30:00,12:00:00,2026-04-01 00:00:00+00,2,,false,,,,,,,,
550e8400-e29b-41d4-a716-000000000622,2026-09-18,金,1,生化学13,才津,101,08:50:00,10:20:00,2026-04-01 00:00:00+00,2,,false,,,,,,,,
550e8400-e29b-41d4-a716-000000000623,2026-09-18,金,2,生化学14,才津,101,10:30:00,12:00:00,2026-04-01 00:00:00+00,2,,false,,,,,,,,
550e8400-e29b-41d4-a716-000000000624,2026-09-24,木,1,生化学17,宮本,大講義室,08:50:00,10:20:00,2026-04-01 00:00:00+00,2,,false,,,,,,,,
550e8400-e29b-41d4-a716-000000000625,2026-09-24,木,2,生化学18,才津,大講義室,10:30:00,12:00:00,2026-04-01 00:00:00+00,2,,false,,,,,,,,
550e8400-e29b-41d4-a716-000000000626,2026-09-24,木,3,病理学(総論)13☆,榎本泰/岩下/河崎,病理組織実習室,13:00:00,14:30:00,2026-04-01 00:00:00+00,2,,false,,,,,,,,
550e8400-e29b-41d4-a716-000000000627,2026-09-24,木,4,病理学(総論)14☆,榎本泰/岩下/河崎,病理組織実習室,14:40:00,16:10:00,2026-04-01 00:00:00+00,2,,false,,,,,,,,
550e8400-e29b-41d4-a716-000000000628,2026-09-25,金,1,解剖学Ⅰ総論試験,,臨床大,08:50:00,10:20:00,2026-04-01 00:00:00+00,2,,false,,,,,,,,
550e8400-e29b-41d4-a716-000000000629,2026-09-25,金,3,生化学15,才津,101,13:00:00,14:30:00,2026-04-01 00:00:00+00,2,,false,,,,,,,,
550e8400-e29b-41d4-a716-000000000630,2026-09-25,金,4,生化学16,才津,101,14:40:00,16:10:00,2026-04-01 00:00:00+00,2,,false,,,,,,,,
550e8400-e29b-41d4-a716-000000000631,2026-09-28,月,3,生化学19,才津,101,13:00:00,14:30:00,2026-04-01 00:00:00+00,2,,false,,,,,,,,
550e8400-e29b-41d4-a716-000000000632,2026-09-28,月,4,生化学20,才津,101,14:40:00,16:10:00,2026-04-01 00:00:00+00,2,,false,,,,,,,,
550e8400-e29b-41d4-a716-000000000633,2026-09-29,火,3,病理学(総論)15,新村,大講義室,13:00:00,14:30:00,2026-04-01 00:00:00+00,2,,false,,,,,,,,
550e8400-e29b-41d4-a716-000000000634,2026-09-29,火,4,病理学(総論)16,新村,大講義室,14:40:00,16:10:00,2026-04-01 00:00:00+00,2,,false,,,,,,,,
550e8400-e29b-41d4-a716-000000000635,2026-09-30,水,1,生理学15,浜辺,大講義室,08:50:00,10:20:00,2026-04-01 00:00:00+00,2,,false,,,,,,,,
550e8400-e29b-41d4-a716-000000000636,2026-09-30,水,2,生理学16,浜辺,大講義室,10:30:00,12:00:00,2026-04-01 00:00:00+00,2,,false,,,,,,,,
550e8400-e29b-41d4-a716-000000000637,2026-10-01,木,1,生化学21,山中,大講義室,08:50:00,10:20:00,2026-04-01 00:00:00+00,2,,false,,,,,,,,
550e8400-e29b-41d4-a716-000000000638,2026-10-01,木,2,生化学22,山中,大講義室,10:30:00,12:00:00,2026-04-01 00:00:00+00,2,,false,,,,,,,,
550e8400-e29b-41d4-a716-000000000639,2026-10-01,木,3,英語プレゼンテーションⅡ1,,大講義室,13:00:00,14:30:00,2026-04-01 00:00:00+00,2,,false,,,,,,,,
550e8400-e29b-41d4-a716-000000000640,2026-10-01,木,4,病理学(総論)17,新村,大講義室,14:40:00,16:10:00,2026-04-01 00:00:00+00,2,,false,,,,,,,,
550e8400-e29b-41d4-a716-000000000641,2026-10-02,金,3,生理学17,鈴木優,大講義室,13:00:00,14:30:00,2026-04-01 00:00:00+00,2,,false,,,,,,,,
550e8400-e29b-41d4-a716-000000000642,2026-10-02,金,4,生理学18,鈴木優,大講義室,14:40:00,16:10:00,2026-04-01 00:00:00+00,2,,false,,,,,,,,
550e8400-e29b-41d4-a716-000000000643,2026-10-05,月,2,生物統計学1,小田切,大講義室,10:30:00,12:00:00,2026-04-01 00:00:00+00,2,,false,,,,,,,,
550e8400-e29b-41d4-a716-000000000644,2026-10-05,月,3,感染症学・免疫学15,永田年,大講義室,13:00:00,14:30:00,2026-04-01 00:00:00+00,2,,false,,,,,,,,
550e8400-e29b-41d4-a716-000000000645,2026-10-05,月,4,感染症学・免疫学16,永田年,大講義室,14:40:00,16:10:00,2026-04-01 00:00:00+00,2,,false,,,,,,,,
550e8400-e29b-41d4-a716-000000000646,2026-10-06,火,1,病理学(総論)18☆,新村/山田英,病理組織実習室,08:50:00,10:20:00,2026-04-01 00:00:00+00,2,,false,,,,,,,,
550e8400-e29b-41d4-a716-000000000647,2026-10-06,火,2,病理学(総論)19☆,新村/山田英,病理組織実習室,10:30:00,12:00:00,2026-04-01 00:00:00+00,2,,false,,,,,,,,
550e8400-e29b-41d4-a716-000000000648,2026-10-06,火,3,病理学(総論)20,新井,大講義室,13:00:00,14:30:00,2026-04-01 00:00:00+00,2,,false,,,,,,,,
550e8400-e29b-41d4-a716-000000000649,2026-10-07,水,1,生理学19,新明,大講義室,08:50:00,10:20:00,2026-04-01 00:00:00+00,2,,false,,,,,,,,
550e8400-e29b-41d4-a716-000000000650,2026-10-07,水,2,生理学20,石橋,大講義室,10:30:00,12:00:00,2026-04-01 00:00:00+00,2,,false,,,,,,,,
550e8400-e29b-41d4-a716-000000000651,2026-10-07,水,3,生理学21,鈴木優,大講義室,13:00:00,14:30:00,2026-04-01 00:00:00+00,2,,false,,,,,,,,
550e8400-e29b-41d4-a716-000000000652,2026-10-08,木,1,感染症学・免疫学13,永田年,大講義室,08:50:00,10:20:00,2026-04-01 00:00:00+00,2,,false,,,,,,,,
550e8400-e29b-41d4-a716-000000000653,2026-10-08,木,2,感染症学・免疫学14,永田年,大講義室,10:30:00,12:00:00,2026-04-01 00:00:00+00,2,,false,,,,,,,,
550e8400-e29b-41d4-a716-000000000654,2026-10-08,木,3,病理学(総論)21☆,新村/山田英,病理組織実習室,13:00:00,14:30:00,2026-04-01 00:00:00+00,2,,false,,,,,,,,
550e8400-e29b-41d4-a716-000000000655,2026-10-08,木,4,病理学(総論)22☆,新村/山田英,病理組織実習室,14:40:00,16:10:00,2026-04-01 00:00:00+00,2,,false,,,,,,,,
550e8400-e29b-41d4-a716-000000000656,2026-10-09,金,1,感染症学・免疫学15,永田年,大講義室,08:50:00,10:20:00,2026-04-01 00:00:00+00,2,,false,,,,,,,,
550e8400-e29b-41d4-a716-000000000657,2026-10-09,金,2,感染症学・免疫学16,永田年,大講義室,10:30:00,12:00:00,2026-04-01 00:00:00+00,2,,false,,,,,,,,
550e8400-e29b-41d4-a716-000000000658,2026-10-09,金,3,生理学22,本藏,大講義室,13:00:00,14:30:00,2026-04-01 00:00:00+00,2,,false,,,,,,,,
550e8400-e29b-41d4-a716-000000000659,2026-10-13,火,1,生化学23,才津,大講義室,08:50:00,10:20:00,2026-04-01 00:00:00+00,2,,false,,,,,,,,
550e8400-e29b-41d4-a716-000000000660,2026-10-13,火,2,生化学24,山中,大講義室,10:30:00,12:00:00,2026-04-01 00:00:00+00,2,,false,,,,,,,,
550e8400-e29b-41d4-a716-000000000661,2026-10-13,火,3,病理学(総論)23,岩下,大講義室,13:00:00,14:30:00,2026-04-01 00:00:00+00,2,,false,,,,,,,,
550e8400-e29b-41d4-a716-000000000662,2026-10-13,火,4,病理学(総論)24,岩下,大講義室,14:40:00,16:10:00,2026-04-01 00:00:00+00,2,,false,,,,,,,,
550e8400-e29b-41d4-a716-000000000663,2026-10-14,水,1,生理学23,浜辺,301,08:50:00,10:20:00,2026-04-01 00:00:00+00,2,,false,,,,,,,,
550e8400-e29b-41d4-a716-000000000664,2026-10-14,水,2,生理学24,石橋,301,10:30:00,12:00:00,2026-04-01 00:00:00+00,2,,false,,,,,,,,
550e8400-e29b-41d4-a716-000000000665,2026-10-15,木,2,生物統計学2,清水幹/小田切,大講義室,10:30:00,12:00:00,2026-04-01 00:00:00+00,2,,false,,,,,,,,
550e8400-e29b-41d4-a716-000000000666,2026-10-15,木,3,生物統計学3,清水幹/小田切,大講義室,13:00:00,14:30:00,2026-04-01 00:00:00+00,2,,false,,,,,,,,
550e8400-e29b-41d4-a716-000000000667,2026-10-16,金,1,生化学25,才津,201,08:50:00,10:20:00,2026-04-01 00:00:00+00,2,,false,,,,,,,,
550e8400-e29b-41d4-a716-000000000668,2026-10-16,金,2,生化学26,才津,201,10:30:00,12:00:00,2026-04-01 00:00:00+00,2,,false,,,,,,,,
550e8400-e29b-41d4-a716-000000000669,2026-10-19,月,1,医生理学中間試験,,臨床大,08:50:00,10:20:00,2026-04-01 00:00:00+00,2,,false,,,,,,,,
550e8400-e29b-41d4-a716-000000000670,2026-10-19,月,3,生化学27,増永,201,13:00:00,14:30:00,2026-04-01 00:00:00+00,2,,false,,,,,,,,
550e8400-e29b-41d4-a716-000000000671,2026-10-19,月,4,生化学28,増永,201,14:40:00,16:10:00,2026-04-01 00:00:00+00,2,,false,,,,,,,,
550e8400-e29b-41d4-a716-000000000672,2026-10-20,火,1,感染症学・免疫学17,永田年,大講義室,08:50:00,10:20:00,2026-04-01 00:00:00+00,2,,false,,,,,,,,
550e8400-e29b-41d4-a716-000000000673,2026-10-20,火,2,感染症学・免疫学18,永田年,大講義室,10:30:00,12:00:00,2026-04-01 00:00:00+00,2,,false,,,,,,,,
550e8400-e29b-41d4-a716-000000000674,2026-10-21,水,1,病理学(総論)25,岩下,大講義室,08:50:00,10:20:00,2026-04-01 00:00:00+00,2,,false,,,,,,,,
550e8400-e29b-41d4-a716-000000000675,2026-10-21,水,2,病理学(総論)26,山田英,大講義室,10:30:00,12:00:00,2026-04-01 00:00:00+00,2,,false,,,,,,,,
550e8400-e29b-41d4-a716-000000000676,2026-10-22,木,1,生理学27,新明,大講義室,08:50:00,10:20:00,2026-04-01 00:00:00+00,2,,false,,,,,,,,
550e8400-e29b-41d4-a716-000000000677,2026-10-22,木,2,生理学28,新明,大講義室,10:30:00,12:00:00,2026-04-01 00:00:00+00,2,,false,,,,,,,,
550e8400-e29b-41d4-a716-000000000678,2026-10-26,月,1,病理学(総論)27☆,岩下/榎本泰/河崎,病理組織実習室,08:50:00,10:20:00,2026-04-01 00:00:00+00,2,,false,,,,,,,,
550e8400-e29b-41d4-a716-000000000679,2026-10-26,月,2,病理学(総論)28☆,岩下/榎本泰/河崎,病理組織実習室,10:30:00,12:00:00,2026-04-01 00:00:00+00,2,,false,,,,,,,,
550e8400-e29b-41d4-a716-000000000680,2026-10-27,火,1,感染症学・免疫学19,永田年,大講義室,08:50:00,10:20:00,2026-04-01 00:00:00+00,2,,false,,,,,,,,
550e8400-e29b-41d4-a716-000000000681,2026-10-27,火,2,感染症学・免疫学20,永田年,大講義室,10:30:00,12:00:00,2026-04-01 00:00:00+00,2,,false,,,,,,,,
550e8400-e29b-41d4-a716-000000000682,2026-10-27,火,3,感染症学・免疫学21,岩谷,大講義室,13:00:00,14:30:00,2026-04-01 00:00:00+00,2,,false,,,,,,,,
550e8400-e29b-41d4-a716-000000000683,2026-10-27,火,4,感染症学・免疫学22,岩谷,大講義室,14:40:00,16:10:00,2026-04-01 00:00:00+00,2,,false,,,,,,,,
550e8400-e29b-41d4-a716-000000000684,2026-10-28,水,1,感染症学・免疫学23,岩谷,大講義室,08:50:00,10:20:00,2026-04-01 00:00:00+00,2,,false,,,,,,,,
550e8400-e29b-41d4-a716-000000000685,2026-10-28,水,2,感染症学・免疫学24,岩谷,大講義室,10:30:00,12:00:00,2026-04-01 00:00:00+00,2,,false,,,,,,,,
550e8400-e29b-41d4-a716-000000000686,2026-10-29,木,1,生化学29,才津,大講義室,08:50:00,10:20:00,2026-04-01 00:00:00+00,2,,false,,,,,,,,
550e8400-e29b-41d4-a716-000000000687,2026-10-29,木,2,生化学30,山中,大講義室,10:30:00,12:00:00,2026-04-01 00:00:00+00,2,,false,,,,,,,,
550e8400-e29b-41d4-a716-000000000688,2026-10-29,木,3,生物統計学4,柴田陽,大講義室,13:00:00,14:30:00,2026-04-01 00:00:00+00,2,,false,,,,,,,,
550e8400-e29b-41d4-a716-000000000689,2026-10-29,木,4,生物統計学5,清水幹/小田切,大講義室,14:40:00,16:10:00,2026-04-01 00:00:00+00,2,,false,,,,,,,,
550e8400-e29b-41d4-a716-000000000690,2026-10-30,金,1,生化学31,酒井聡,大講義室,08:50:00,10:20:00,2026-04-01 00:00:00+00,2,,false,,,,,,,,
550e8400-e29b-41d4-a716-000000000691,2026-10-30,金,2,生化学32,酒井聡,大講義室,10:30:00,12:00:00,2026-04-01 00:00:00+00,2,,false,,,,,,,,
550e8400-e29b-41d4-a716-000000000692,2026-11-04,水,1,生化学33,山中,大講義室,08:50:00,10:20:00,2026-04-01 00:00:00+00,2,,false,,,,,,,,
550e8400-e29b-41d4-a716-000000000693,2026-11-04,水,2,生化学34,山中,大講義室,10:30:00,12:00:00,2026-04-01 00:00:00+00,2,,false,,,,,,,,
550e8400-e29b-41d4-a716-000000000694,2026-11-05,木,2,英語プレゼンテーションⅡ2,,臨大・臨小,10:30:00,12:00:00,2026-04-01 00:00:00+00,2,,false,,,,,,,,
550e8400-e29b-41d4-a716-000000000695,2026-11-06,金,1,生物統計学6,清水幹/小田切,大講義室,08:50:00,10:20:00,2026-04-01 00:00:00+00,2,,false,,,,,,,,
550e8400-e29b-41d4-a716-000000000696,2026-11-06,金,2,生物統計学7,清水幹/小田切,大講義室,10:30:00,12:00:00,2026-04-01 00:00:00+00,2,,false,,,,,,,,
550e8400-e29b-41d4-a716-000000000697,2026-11-06,金,3,病理学(総論)29☆,岩下/榎本泰/河崎,病理組織実習室,13:00:00,14:30:00,2026-04-01 00:00:00+00,2,,false,,,,,,,,
550e8400-e29b-41d4-a716-000000000698,2026-11-06,金,4,病理学(総論)30☆,岩下/榎本泰/河崎,病理組織実習室,14:40:00,16:10:00,2026-04-01 00:00:00+00,2,,false,,,,,,,,
550e8400-e29b-41d4-a716-000000000699,2026-11-09,月,1,感染症学・免疫学試験,,臨床大,08:50:00,10:20:00,2026-04-01 00:00:00+00,2,,false,,,,,,,,
550e8400-e29b-41d4-a716-000000000700,2026-11-10,火,1,感染症学・免疫学23,岩谷,101,08:50:00,10:20:00,2026-04-01 00:00:00+00,2,,false,,,,,,,,
550e8400-e29b-41d4-a716-000000000701,2026-11-10,火,2,感染症学・免疫学24,岩谷,101,10:30:00,12:00:00,2026-04-01 00:00:00+00,2,,false,,,,,,,,
550e8400-e29b-41d4-a716-000000000702,2026-11-11,水,1,感染症学・免疫学25,岩谷,101,08:50:00,10:20:00,2026-04-01 00:00:00+00,2,,false,,,,,,,,
550e8400-e29b-41d4-a716-000000000703,2026-11-11,水,2,感染症学・免疫学26,岩谷,101,10:30:00,12:00:00,2026-04-01 00:00:00+00,2,,false,,,,,,,,
550e8400-e29b-41d4-a716-000000000704,2026-11-11,水,3,生物統計学8,明神,大講義室,13:00:00,14:30:00,2026-04-01 00:00:00+00,2,,false,,,,,,,,
550e8400-e29b-41d4-a716-000000000705,2026-11-12,木,1,英語プレゼンテーションⅡ3,,101・臨小,08:50:00,10:20:00,2026-04-01 00:00:00+00,2,,false,,,,,,,,
550e8400-e29b-41d4-a716-000000000706,2026-11-16,月,1,病理学(総論)実習試験,,病理組織実習室,08:50:00,10:20:00,2026-04-01 00:00:00+00,2,,false,,,,,,,,
550e8400-e29b-41d4-a716-000000000707,2026-11-17,火,1,PBLガイダンス,,チュートリアル室,08:50:00,10:20:00,2026-04-01 00:00:00+00,2,,false,,,,,,,,
550e8400-e29b-41d4-a716-000000000708,2026-11-18,水,1,感染症学・免疫学27,岩谷,大講義室,08:50:00,10:20:00,2026-04-01 00:00:00+00,2,,false,,,,,,,,
550e8400-e29b-41d4-a716-000000000709,2026-11-18,水,2,感染症学・免疫学28,榎本泰,大講義室,10:30:00,12:00:00,2026-04-01 00:00:00+00,2,,false,,,,,,,,
550e8400-e29b-41d4-a716-000000000710,2026-11-18,水,3,生物統計学9,尾島,201,13:00:00,14:30:00,2026-04-01 00:00:00+00,2,,false,,,,,,,,
550e8400-e29b-41d4-a716-000000000711,2026-11-24,火,1,PBL(基礎)1-1,,チュートリアル室,08:50:00,10:20:00,2026-04-01 00:00:00+00,2,,false,,,,,,,,
550e8400-e29b-41d4-a716-000000000712,2026-11-24,火,2,PBL(基礎)1-1グループ学習,,チュートリアル室,10:30:00,12:00:00,2026-04-01 00:00:00+00,2,,false,,,,,,,,
550e8400-e29b-41d4-a716-000000000713,2026-11-24,火,3,感染症学・免疫学29,岩谷,大講義室,13:00:00,14:30:00,2026-04-01 00:00:00+00,2,,false,,,,,,,,
550e8400-e29b-41d4-a716-000000000714,2026-11-24,火,4,感染症学・免疫学30,紺野,大講義室,14:40:00,16:10:00,2026-04-01 00:00:00+00,2,,false,,,,,,,,
550e8400-e29b-41d4-a716-000000000715,2026-11-25,水,1,生理学31,石橋,大講義室,08:50:00,10:20:00,2026-04-01 00:00:00+00,2,,false,,,,,,,,
550e8400-e29b-41d4-a716-000000000716,2026-11-25,水,2,生理学32,浜辺,大講義室,10:30:00,12:00:00,2026-04-01 00:00:00+00,2,,false,,,,,,,,
550e8400-e29b-41d4-a716-000000000717,2026-11-25,水,3,生物統計学10,尾島,201,13:00:00,14:30:00,2026-04-01 00:00:00+00,2,,false,,,,,,,,
550e8400-e29b-41d4-a716-000000000718,2026-11-25,水,4,生物統計学11,尾島,201,14:40:00,16:10:00,2026-04-01 00:00:00+00,2,,false,,,,,,,,
550e8400-e29b-41d4-a716-000000000719,2026-11-26,木,1,生理学29,諸岡,101,08:50:00,10:20:00,2026-04-01 00:00:00+00,2,,false,,,,,,,,
550e8400-e29b-41d4-a716-000000000720,2026-11-27,金,1,PBL(基礎)1-2,,チュートリアル室,08:50:00,10:20:00,2026-04-01 00:00:00+00,2,,false,,,,,,,,
550e8400-e29b-41d4-a716-000000000721,2026-11-27,金,2,PBL(基礎)1総合討論,,チュートリアル室,10:30:00,12:00:00,2026-04-01 00:00:00+00,2,,false,,,,,,,,
550e8400-e29b-41d4-a716-000000000722,2026-11-27,金,3,生理学33,諸岡,大講義室,13:00:00,14:30:00,2026-04-01 00:00:00+00,2,,false,,,,,,,,
550e8400-e29b-41d4-a716-000000000723,2026-11-30,月,1,病理学(総論)試験,,臨床大,08:50:00,10:20:00,2026-04-01 00:00:00+00,2,,false,,,,,,,,
550e8400-e29b-41d4-a716-000000000724,2026-11-30,月,3,生物統計学12,土屋,大講義室,13:00:00,14:30:00,2026-04-01 00:00:00+00,2,,false,,,,,,,,
550e8400-e29b-41d4-a716-000000000725,2026-12-01,火,3,感染症学・免疫学31,紺野,大講義室,13:00:00,14:30:00,2026-04-01 00:00:00+00,2,,false,,,,,,,,
550e8400-e29b-41d4-a716-000000000726,2026-12-01,火,4,感染症学・免疫学32,紺野,大講義室,14:40:00,16:10:00,2026-04-01 00:00:00+00,2,,false,,,,,,,,
550e8400-e29b-41d4-a716-000000000727,2026-12-02,水,1,生理学34,石橋,大講義室,08:50:00,10:20:00,2026-04-01 00:00:00+00,2,,false,,,,,,,,
550e8400-e29b-41d4-a716-000000000728,2026-12-02,水,2,生理学35,石橋,大講義室,10:30:00,12:00:00,2026-04-01 00:00:00+00,2,,false,,,,,,,,
550e8400-e29b-41d4-a716-000000000729,2026-12-03,木,3,英語プレゼンテーションⅡ4,,臨大・臨小,13:00:00,14:30:00,2026-04-01 00:00:00+00,2,,false,,,,,,,,
550e8400-e29b-41d4-a716-000000000730,2026-12-04,金,2,生物統計学13,土屋,201,10:30:00,12:00:00,2026-04-01 00:00:00+00,2,,false,,,,,,,,
550e8400-e29b-41d4-a716-000000000731,2026-12-04,金,3,生理学36,鈴木優,201,13:00:00,14:30:00,2026-04-01 00:00:00+00,2,,false,,,,,,,,
550e8400-e29b-41d4-a716-000000000732,2026-12-04,金,4,生理学37,鈴木優,201,14:40:00,16:10:00,2026-04-01 00:00:00+00,2,,false,,,,,,,,
550e8400-e29b-41d4-a716-000000000733,2026-12-07,月,1,PBL(基礎)2-1,,チュートリアル室,08:50:00,10:20:00,2026-04-01 00:00:00+00,2,,false,,,,,,,,
550e8400-e29b-41d4-a716-000000000734,2026-12-07,月,2,PBL(基礎)2-1グループ学習,,チュートリアル室,10:30:00,12:00:00,2026-04-01 00:00:00+00,2,,false,,,,,,,,
550e8400-e29b-41d4-a716-000000000735,2026-12-07,月,3,生化学35,丹伊田,大講義室,13:00:00,14:30:00,2026-04-01 00:00:00+00,2,,false,,,,,,,,
550e8400-e29b-41d4-a716-000000000736,2026-12-07,月,4,生化学36,丹伊田,大講義室,14:40:00,16:10:00,2026-04-01 00:00:00+00,2,,false,,,,,,,,
550e8400-e29b-41d4-a716-000000000737,2026-12-08,火,1,感染症学・免疫学33,紺野,大講義室,08:50:00,10:20:00,2026-04-01 00:00:00+00,2,,false,,,,,,,,
550e8400-e29b-41d4-a716-000000000738,2026-12-08,火,2,感染症学・免疫学34,岩谷,大講義室,10:30:00,12:00:00,2026-04-01 00:00:00+00,2,,false,,,,,,,,
550e8400-e29b-41d4-a716-000000000739,2026-12-08,火,3,生物統計学14,千住,201,13:00:00,14:30:00,2026-04-01 00:00:00+00,2,,false,,,,,,,,
550e8400-e29b-41d4-a716-000000000740,2026-12-09,水,1,生理学38,新明,大講義室,08:50:00,10:20:00,2026-04-01 00:00:00+00,2,,false,,,,,,,,
550e8400-e29b-41d4-a716-000000000741,2026-12-09,水,2,生理学39,新明,大講義室,10:30:00,12:00:00,2026-04-01 00:00:00+00,2,,false,,,,,,,,
550e8400-e29b-41d4-a716-000000000742,2026-12-09,水,3,生化学37,山中,大講義室,13:00:00,14:30:00,2026-04-01 00:00:00+00,2,,false,,,,,,,,
550e8400-e29b-41d4-a716-000000000743,2026-12-09,水,4,生化学38,山中,大講義室,14:40:00,16:10:00,2026-04-01 00:00:00+00,2,,false,,,,,,,,
550e8400-e29b-41d4-a716-000000000744,2026-12-10,木,1,PBL(基礎)2-2,,チュートリアル室,08:50:00,10:20:00,2026-04-01 00:00:00+00,2,,false,,,,,,,,
550e8400-e29b-41d4-a716-000000000745,2026-12-10,木,2,PBL(基礎)2-2グループ学習,,チュートリアル室,10:30:00,12:00:00,2026-04-01 00:00:00+00,2,,false,,,,,,,,
550e8400-e29b-41d4-a716-000000000746,2026-12-10,木,3,英語プレゼンテーションⅡ5,,臨大・臨小,13:00:00,14:30:00,2026-04-01 00:00:00+00,2,,false,,,,,,,,
550e8400-e29b-41d4-a716-000000000747,2026-12-11,金,1,感染症学・免疫学35,伊藤昌,大講義室,08:50:00,10:20:00,2026-04-01 00:00:00+00,2,,false,,,,,,,,
550e8400-e29b-41d4-a716-000000000748,2026-12-11,金,2,感染症学・免疫学36,伊藤昌,大講義室,10:30:00,12:00:00,2026-04-01 00:00:00+00,2,,false,,,,,,,,
550e8400-e29b-41d4-a716-000000000749,2026-12-11,金,3,生理学40,鈴木優,大講義室,13:00:00,14:30:00,2026-04-01 00:00:00+00,2,,false,,,,,,,,
550e8400-e29b-41d4-a716-000000000750,2026-12-11,金,4,生理学41,鈴木優,大講義室,14:40:00,16:10:00,2026-04-01 00:00:00+00,2,,false,,,,,,,,
550e8400-e29b-41d4-a716-000000000751,2026-12-14,月,1,PBL(基礎)2-3,,チュートリアル室,08:50:00,10:20:00,2026-04-01 00:00:00+00,2,,false,,,,,,,,
550e8400-e29b-41d4-a716-000000000752,2026-12-15,火,1,病理学(総論)試験,,臨床大,08:50:00,10:20:00,2026-04-01 00:00:00+00,2,,false,,,,,,,,
550e8400-e29b-41d4-a716-000000000753,2026-12-15,火,3,感染症学・免疫学37,伊藤昌,201,13:00:00,14:30:00,2026-04-01 00:00:00+00,2,,false,,,,,,,,
550e8400-e29b-41d4-a716-000000000754,2026-12-15,火,4,生物統計学15,千住,201,14:40:00,16:10:00,2026-04-01 00:00:00+00,2,,false,,,,,,,,
550e8400-e29b-41d4-a716-000000000755,2026-12-16,水,1,生理学42,新明,大講義室,08:50:00,10:20:00,2026-04-01 00:00:00+00,2,,false,,,,,,,,
550e8400-e29b-41d4-a716-000000000756,2026-12-16,水,2,生理学43,新明,大講義室,10:30:00,12:00:00,2026-04-01 00:00:00+00,2,,false,,,,,,,,
550e8400-e29b-41d4-a716-000000000757,2026-12-16,水,3,生化学39,山中,大講義室,13:00:00,14:30:00,2026-04-01 00:00:00+00,2,,false,,,,,,,,
550e8400-e29b-41d4-a716-000000000758,2026-12-16,水,4,生化学40,山中,大講義室,14:40:00,16:10:00,2026-04-01 00:00:00+00,2,,false,,,,,,,,
550e8400-e29b-41d4-a716-000000000759,2026-12-21,月,1,PBL(基礎)3-1,,チュートリアル室,08:50:00,10:20:00,2026-04-01 00:00:00+00,2,,false,,,,,,,,
550e8400-e29b-41d4-a716-000000000760,2026-12-21,月,2,PBL(基礎)3-1グループ学習,,チュートリアル室,10:30:00,12:00:00,2026-04-01 00:00:00+00,2,,false,,,,,,,,
550e8400-e29b-41d4-a716-000000000761,2026-12-21,月,3,感染症学・免疫学38,岩谷,大講義室,13:00:00,14:30:00,2026-04-01 00:00:00+00,2,,false,,,,,,,,
550e8400-e29b-41d4-a716-000000000762,2026-12-21,月,4,感染症学・免疫学39,岩谷,大講義室,14:40:00,16:10:00,2026-04-01 00:00:00+00,2,,false,,,,,,,,
550e8400-e29b-41d4-a716-000000000763,2026-12-23,水,1,感染症学・免疫学40,岩谷,大講義室,08:50:00,10:20:00,2026-04-01 00:00:00+00,2,,false,,,,,,,,
550e8400-e29b-41d4-a716-000000000764,2026-12-23,水,2,感染症学・免疫学41,岩谷,大講義室,10:30:00,12:00:00,2026-04-01 00:00:00+00,2,,false,,,,,,,,
550e8400-e29b-41d4-a716-000000000765,2026-12-24,木,1,PBL(基礎)3-2,,チュートリアル室,08:50:00,10:20:00,2026-04-01 00:00:00+00,2,,false,,,,,,,,
550e8400-e29b-41d4-a716-000000000766,2026-12-24,木,2,PBL(基礎)3総合討論,,チュートリアル室,10:30:00,12:00:00,2026-04-01 00:00:00+00,2,,false,,,,,,,,
550e8400-e29b-41d4-a716-000000000767,2026-12-24,木,3,生化学41,大畑,大講義室,13:00:00,14:30:00,2026-04-01 00:00:00+00,2,,false,,,,,,,,
550e8400-e29b-41d4-a716-000000000768,2026-12-24,木,4,生化学42,大畑,大講義室,14:40:00,16:10:00,2026-04-01 00:00:00+00,2,,false,,,,,,,,
550e8400-e29b-41d4-a716-000000000769,2026-12-25,金,1,生理学44,鈴木優,大講義室,08:50:00,10:20:00,2026-04-01 00:00:00+00,2,,false,,,,,,,,
550e8400-e29b-41d4-a716-000000000770,2027-01-05,火,1,感染症学・免疫学42,岩谷,大講義室,08:50:00,10:20:00,2026-04-01 00:00:00+00,2,,false,,,,,,,,
550e8400-e29b-41d4-a716-000000000771,2027-01-05,火,2,感染症学・免疫学43,岩谷,大講義室,10:30:00,12:00:00,2026-04-01 00:00:00+00,2,,false,,,,,,,,
550e8400-e29b-41d4-a716-000000000772,2027-01-05,火,3,生化学43,大畑,大講義室,13:00:00,14:30:00,2026-04-01 00:00:00+00,2,,false,,,,,,,,
550e8400-e29b-41d4-a716-000000000773,2027-01-05,火,4,生化学44,大畑,大講義室,14:40:00,16:10:00,2026-04-01 00:00:00+00,2,,false,,,,,,,,
550e8400-e29b-41d4-a716-000000000774,2027-01-07,木,1,生化学実習,,基礎医学系実習室,08:50:00,10:20:00,2026-04-01 00:00:00+00,2,,false,,,,,,,,
550e8400-e29b-41d4-a716-000000000775,2027-01-13,水,1,生化学実習,,基礎医学系実習室,08:50:00,10:20:00,2026-04-01 00:00:00+00,2,,false,,,,,,,,
550e8400-e29b-41d4-a716-000000000776,2027-01-19,火,3,感染症学・免疫学実習,,基礎医学系実習室,13:00:00,14:30:00,2026-04-01 00:00:00+00,2,,false,,,,,,,,
550e8400-e29b-41d4-a716-000000000777,2027-01-22,金,1,感染症学・免疫学実習,,基礎医学系実習室,08:50:00,10:20:00,2026-04-01 00:00:00+00,2,,false,,,,,,,,
550e8400-e29b-41d4-a716-000000000778,2027-01-25,月,3,生物統計学16,小田切,301,13:00:00,14:30:00,2026-04-01 00:00:00+00,2,,false,,,,,,,,
550e8400-e29b-41d4-a716-000000000779,2027-01-25,月,4,生物統計学17,小田切,301,14:40:00,16:10:00,2026-04-01 00:00:00+00,2,,false,,,,,,,,
550e8400-e29b-41d4-a716-000000000780,2027-01-26,火,1,生化学試験,,臨床大,08:50:00,10:20:00,2026-04-01 00:00:00+00,2,,false,,,,,,,,
550e8400-e29b-41d4-a716-000000000781,2027-01-26,火,3,生理学45,新明/鈴木優,大講義室,13:00:00,14:30:00,2026-04-01 00:00:00+00,2,,false,,,,,,,,
550e8400-e29b-41d4-a716-000000000782,2027-01-29,金,1,感染症学・免疫学試験,,臨床大,08:50:00,10:20:00,2026-04-01 00:00:00+00,2,,false,,,,,,,,
550e8400-e29b-41d4-a716-000000000783,2027-02-03,水,1,生理学実習,,基礎医学系実習室,08:50:00,10:20:00,2026-04-01 00:00:00+00,2,,false,,,,,,,,
550e8400-e29b-41d4-a716-000000000784,2027-02-08,月,3,生理学試験(神経生理学),,臨床大,13:00:00,14:30:00,2026-04-01 00:00:00+00,2,,false,,,,,,,,
550e8400-e29b-41d4-a716-000000000785,2027-02-12,金,3,生理学試験(医生理学),,臨床大,13:00:00,14:30:00,2026-04-01 00:00:00+00,2,,false,,,,,,,,
550e8400-e29b-41d4-a716-000000000786,2027-02-15,月,2,生物統計学試験,,臨床大,10:30:00,12:00:00,2026-04-01 00:00:00+00,2,,false,,,,,,,,
550e8400-e29b-41d4-a716-000000000787,2026-04-01,水,1,小児科学1,宮入,301,08:50:00,10:20:00,2026-04-01 00:00:00+00,4,,false,,,,,,,,
550e8400-e29b-41d4-a716-000000000788,2026-04-01,水,2,小児科学2,飯嶋,301,10:30:00,12:00:00,2026-04-01 00:00:00+00,4,,false,,,,,,,,
550e8400-e29b-41d4-a716-000000000789,2026-04-01,水,3,小児科学3,石川,301,13:00:00,14:30:00,2026-04-01 00:00:00+00,4,,false,,,,,,,,
550e8400-e29b-41d4-a716-000000000790,2026-04-02,木,1,血液内科学1,岩下,301,08:50:00,10:20:00,2026-04-01 00:00:00+00,4,,false,,,,,,,,
550e8400-e29b-41d4-a716-000000000791,2026-04-02,木,2,血液内科学2,永田泰,301,10:30:00,12:00:00,2026-04-01 00:00:00+00,4,,false,,,,,,,,
550e8400-e29b-41d4-a716-000000000792,2026-04-02,木,3,血液内科学3,永田泰,301,13:00:00,14:30:00,2026-04-01 00:00:00+00,4,,false,,,,,,,,
550e8400-e29b-41d4-a716-000000000793,2026-04-07,火,1,法医学1,山岸格,301,08:50:00,10:20:00,2026-04-01 00:00:00+00,4,,false,,,,,,,,
550e8400-e29b-41d4-a716-000000000794,2026-04-07,火,2,法医学2,長谷川弘,301,10:30:00,12:00:00,2026-04-01 00:00:00+00,4,,false,,,,,,,,
550e8400-e29b-41d4-a716-000000000795,2026-04-07,火,3,医学英語Ⅲ1,,臨小・301,13:00:00,14:30:00,2026-04-01 00:00:00+00,4,,false,,,,,,,,
550e8400-e29b-41d4-a716-000000000796,2026-04-08,水,1,麻酔・集中治療医学1,中島,301,08:50:00,10:20:00,2026-04-01 00:00:00+00,4,,false,,,,,,,,
550e8400-e29b-41d4-a716-000000000797,2026-04-08,水,2,麻酔・集中治療医学2,佐藤恒,301,10:30:00,12:00:00,2026-04-01 00:00:00+00,4,,false,,,,,,,,
550e8400-e29b-41d4-a716-000000000798,2026-04-08,水,3,麻酔・集中治療医学3,溝渕,301,13:00:00,14:30:00,2026-04-01 00:00:00+00,4,,false,,,,,,,,
550e8400-e29b-41d4-a716-000000000799,2026-04-09,木,1,皮膚科学1,福地,301,08:50:00,10:20:00,2026-04-01 00:00:00+00,4,,false,,,,,,,,
550e8400-e29b-41d4-a716-000000000800,2026-04-09,木,2,皮膚科学2,島内,301,10:30:00,12:00:00,2026-04-01 00:00:00+00,4,,false,,,,,,,,
550e8400-e29b-41d4-a716-000000000801,2026-04-09,木,3,皮膚科学3,橋爪,301,13:00:00,14:30:00,2026-04-01 00:00:00+00,4,,false,,,,,,,,
550e8400-e29b-41d4-a716-000000000802,2026-04-16,木,1,産婦人科学1,小谷,301,08:50:00,10:20:00,2026-04-01 00:00:00+00,4,,false,,,,,,,,
550e8400-e29b-41d4-a716-000000000803,2026-04-16,木,2,産婦人科学2,小谷,301,10:30:00,12:00:00,2026-04-01 00:00:00+00,4,,false,,,,,,,,
550e8400-e29b-41d4-a716-000000000804,2026-04-16,木,3,産婦人科学3,新谷,301,13:00:00,14:30:00,2026-04-01 00:00:00+00,4,,false,,,,,,,,
550e8400-e29b-41d4-a716-000000000805,2026-04-17,金,2,血液内科学4,小野,301,10:30:00,12:00:00,2026-04-01 00:00:00+00,4,,false,,,,,,,,
550e8400-e29b-41d4-a716-000000000806,2026-04-17,金,3,皮膚科学4,本田,301,13:00:00,14:30:00,2026-04-01 00:00:00+00,4,,false,,,,,,,,
550e8400-e29b-41d4-a716-000000000807,2026-04-17,金,4,皮膚科学5,本田,301,14:40:00,16:10:00,2026-04-01 00:00:00+00,4,,false,,,,,,,,
550e8400-e29b-41d4-a716-000000000808,2026-04-17,金,5,皮膚科学6,本田,301,16:20:00,17:50:00,2026-04-01 00:00:00+00,4,,false,,,,,,,,
550e8400-e29b-41d4-a716-000000000809,2026-04-20,月,1,小児科学4,飯嶋,301,08:50:00,10:20:00,2026-04-01 00:00:00+00,4,,false,,,,,,,,
550e8400-e29b-41d4-a716-000000000810,2026-04-20,月,2,小児科学5,飯嶋,301,10:30:00,12:00:00,2026-04-01 00:00:00+00,4,,false,,,,,,,,
550e8400-e29b-41d4-a716-000000000811,2026-04-20,月,3,小児科学6,大石彰,301,13:00:00,14:30:00,2026-04-01 00:00:00+00,4,,false,,,,,,,,
550e8400-e29b-41d4-a716-000000000812,2026-04-20,月,4,産婦人科学1,小谷,301,14:40:00,16:10:00,2026-04-01 00:00:00+00,4,,false,,,,,,,,
550e8400-e29b-41d4-a716-000000000813,2026-04-20,月,5,産婦人科学2,小谷,301,16:20:00,17:50:00,2026-04-01 00:00:00+00,4,,false,,,,,,,,
550e8400-e29b-41d4-a716-000000000814,2026-04-20,月,6,産婦人科学3,新谷,301,08:40:00,09:40:00,2026-04-01 00:00:00+00,4,,false,,,,,,,,
550e8400-e29b-41d4-a716-000000000815,2026-04-21,火,1,産婦人科学4,小田,301,08:50:00,10:20:00,2026-04-01 00:00:00+00,4,,false,,,,,,,,
550e8400-e29b-41d4-a716-000000000816,2026-04-21,火,2,産婦人科学5,鈴木一,301,10:30:00,12:00:00,2026-04-01 00:00:00+00,4,,false,,,,,,,,
550e8400-e29b-41d4-a716-000000000817,2026-04-21,火,3,産婦人科学6,金山,301,13:00:00,14:30:00,2026-04-01 00:00:00+00,4,,false,,,,,,,,
550e8400-e29b-41d4-a716-000000000818,2026-04-21,火,4,医学英語Ⅲ2,,臨小・301,14:40:00,16:10:00,2026-04-01 00:00:00+00,4,,false,,,,,,,,
550e8400-e29b-41d4-a716-000000000819,2026-04-22,水,1,法医学5,野澤,301,08:50:00,10:20:00,2026-04-01 00:00:00+00,4,,false,,,,,,,,
550e8400-e29b-41d4-a716-000000000820,2026-04-22,水,2,法医学6,野澤,301,10:30:00,12:00:00,2026-04-01 00:00:00+00,4,,false,,,,,,,,
550e8400-e29b-41d4-a716-000000000821,2026-04-22,水,3,麻酔・集中治療医学4,小林賢,301,13:00:00,14:30:00,2026-04-01 00:00:00+00,4,,false,,,,,,,,
550e8400-e29b-41d4-a716-000000000822,2026-04-22,水,4,麻酔・集中治療医学5,木村哲,301,14:40:00,16:10:00,2026-04-01 00:00:00+00,4,,false,,,,,,,,
550e8400-e29b-41d4-a716-000000000823,2026-04-22,水,5,麻酔・集中治療医学6,桂川,301,16:20:00,17:50:00,2026-04-01 00:00:00+00,4,,false,,,,,,,,
550e8400-e29b-41d4-a716-000000000824,2026-04-23,木,1,血液内科学5,小野,301,08:50:00,10:20:00,2026-04-01 00:00:00+00,4,,false,,,,,,,,
550e8400-e29b-41d4-a716-000000000825,2026-04-23,木,2,血液内科学6,小野,301,10:30:00,12:00:00,2026-04-01 00:00:00+00,4,,false,,,,,,,,
550e8400-e29b-41d4-a716-000000000826,2026-04-23,木,3,皮膚科学7,影山玲,301,13:00:00,14:30:00,2026-04-01 00:00:00+00,4,,false,,,,,,,,
550e8400-e29b-41d4-a716-000000000827,2026-04-23,木,4,皮膚科学8,島内,301,14:40:00,16:10:00,2026-04-01 00:00:00+00,4,,false,,,,,,,,
550e8400-e29b-41d4-a716-000000000828,2026-04-24,金,1,法医学7,山岸格,301,08:50:00,10:20:00,2026-04-01 00:00:00+00,4,,false,,,,,,,,
550e8400-e29b-41d4-a716-000000000829,2026-04-24,金,2,法医学8,山岸格,301,10:30:00,12:00:00,2026-04-01 00:00:00+00,4,,false,,,,,,,,
550e8400-e29b-41d4-a716-000000000830,2026-04-24,金,3,小児科学7,平出拓,301,13:00:00,14:30:00,2026-04-01 00:00:00+00,4,,false,,,,,,,,
550e8400-e29b-41d4-a716-000000000831,2026-04-24,金,4,小児科学8,藤澤泰,301,14:40:00,16:10:00,2026-04-01 00:00:00+00,4,,false,,,,,,,,
550e8400-e29b-41d4-a716-000000000832,2026-04-24,金,5,小児科学9,藤澤泰,301,16:20:00,17:50:00,2026-04-01 00:00:00+00,4,,false,,,,,,,,
550e8400-e29b-41d4-a716-000000000833,2026-04-25,土,3,血液内科学7,永田泰,301,13:00:00,14:30:00,2026-04-01 00:00:00+00,4,,false,,,,,,,,
550e8400-e29b-41d4-a716-000000000834,2026-04-25,土,4,血液内科学8,永田泰,301,14:40:00,16:10:00,2026-04-01 00:00:00+00,4,,false,,,,,,,,
550e8400-e29b-41d4-a716-000000000835,2026-04-25,土,5,血液内科学9,小野,301,16:20:00,17:50:00,2026-04-01 00:00:00+00,4,,false,,,,,,,,
550e8400-e29b-41d4-a716-000000000836,2026-04-27,月,1,産婦人科学7,小田,301,08:50:00,10:20:00,2026-04-01 00:00:00+00,4,,false,,,,,,,,
550e8400-e29b-41d4-a716-000000000837,2026-04-27,月,2,産婦人科学8,新谷,301,10:30:00,12:00:00,2026-04-01 00:00:00+00,4,,false,,,,,,,,
550e8400-e29b-41d4-a716-000000000838,2026-04-27,月,3,産婦人科学9,新谷,301,13:00:00,14:30:00,2026-04-01 00:00:00+00,4,,false,,,,,,,,
550e8400-e29b-41d4-a716-000000000839,2026-04-28,火,1,法医学3,長谷川弘,301,08:50:00,10:20:00,2026-04-01 00:00:00+00,4,,false,,,,,,,,
550e8400-e29b-41d4-a716-000000000840,2026-04-28,火,2,法医学4,長谷川弘,301,10:30:00,12:00:00,2026-04-01 00:00:00+00,4,,false,,,,,,,,
550e8400-e29b-41d4-a716-000000000841,2026-04-28,火,3,医学英語Ⅲ3,,臨小・301,13:00:00,14:30:00,2026-04-01 00:00:00+00,4,,false,,,,,,,,
550e8400-e29b-41d4-a716-000000000842,2026-04-28,火,4,麻酔・集中治療医学7,成瀨智/中島,301,14:40:00,16:10:00,2026-04-01 00:00:00+00,4,,false,,,,,,,,
550e8400-e29b-41d4-a716-000000000843,2026-04-28,火,5,麻酔・集中治療医学8,青木,301,16:20:00,17:50:00,2026-04-01 00:00:00+00,4,,false,,,,,,,,
550e8400-e29b-41d4-a716-000000000844,2026-04-28,火,6,麻酔・集中治療医学9,今井亮,301,08:40:00,09:40:00,2026-04-01 00:00:00+00,4,,false,,,,,,,,
550e8400-e29b-41d4-a716-000000000845,2026-04-30,木,1,整形外科学1,大和,301,08:50:00,10:20:00,2026-04-01 00:00:00+00,4,,false,,,,,,,,
550e8400-e29b-41d4-a716-000000000846,2026-04-30,木,2,整形外科学2,花田,301,10:30:00,12:00:00,2026-04-01 00:00:00+00,4,,false,,,,,,,,
550e8400-e29b-41d4-a716-000000000847,2026-04-30,木,3,整形外科学3,大村,301,13:00:00,14:30:00,2026-04-01 00:00:00+00,4,,false,,,,,,,,
550e8400-e29b-41d4-a716-000000000848,2026-04-30,木,4,産婦人科学10,村上,301,14:40:00,16:10:00,2026-04-01 00:00:00+00,4,,false,,,,,,,,
550e8400-e29b-41d4-a716-000000000849,2026-04-30,木,5,産婦人科学11,磯村,301,16:20:00,17:50:00,2026-04-01 00:00:00+00,4,,false,,,,,,,,
550e8400-e29b-41d4-a716-000000000850,2026-04-30,木,6,産婦人科学12,小林隆,301,08:40:00,09:40:00,2026-04-01 00:00:00+00,4,,false,,,,,,,,
550e8400-e29b-41d4-a716-000000000851,2026-05-01,金,1,法医学11,山岸格,301,08:50:00,10:20:00,2026-04-01 00:00:00+00,4,,false,,,,,,,,
550e8400-e29b-41d4-a716-000000000852,2026-05-01,金,2,法医学12,山岸格,301,10:30:00,12:00:00,2026-04-01 00:00:00+00,4,,false,,,,,,,,
550e8400-e29b-41d4-a716-000000000853,2026-05-01,金,3,小児科学10,福田,301,13:00:00,14:30:00,2026-04-01 00:00:00+00,4,,false,,,,,,,,
550e8400-e29b-41d4-a716-000000000854,2026-05-01,金,4,小児科学11,澤井,301,14:40:00,16:10:00,2026-04-01 00:00:00+00,4,,false,,,,,,,,
550e8400-e29b-41d4-a716-000000000855,2026-05-01,金,5,小児科学12,石川,301,16:20:00,17:50:00,2026-04-01 00:00:00+00,4,,false,,,,,,,,
550e8400-e29b-41d4-a716-000000000856,2026-05-07,木,1,麻酔・集中治療医学10,鈴木興,301,08:50:00,10:20:00,2026-04-01 00:00:00+00,4,,false,,,,,,,,
550e8400-e29b-41d4-a716-000000000857,2026-05-07,木,2,麻酔・集中治療医学11,八木原,301,10:30:00,12:00:00,2026-04-01 00:00:00+00,4,,false,,,,,,,,
550e8400-e29b-41d4-a716-000000000858,2026-05-07,木,3,麻酔・集中治療医学12,御室,301,13:00:00,14:30:00,2026-04-01 00:00:00+00,4,,false,,,,,,,,
550e8400-e29b-41d4-a716-000000000859,2026-05-07,木,4,皮膚科学10,栗原,301,14:40:00,16:10:00,2026-04-01 00:00:00+00,4,,false,,,,,,,,
550e8400-e29b-41d4-a716-000000000860,2026-05-11,月,1,整形外科学4,坂野,301,08:50:00,10:20:00,2026-04-01 00:00:00+00,4,,false,,,,,,,,
550e8400-e29b-41d4-a716-000000000861,2026-05-11,月,2,整形外科学5,室伏,301,10:30:00,12:00:00,2026-04-01 00:00:00+00,4,,false,,,,,,,,
550e8400-e29b-41d4-a716-000000000862,2026-05-12,火,1,産婦人科学13,小田,301,08:50:00,10:20:00,2026-04-01 00:00:00+00,4,,false,,,,,,,,
550e8400-e29b-41d4-a716-000000000863,2026-05-12,火,2,血液内科学10,小野,301,10:30:00,12:00:00,2026-04-01 00:00:00+00,4,,false,,,,,,,,
550e8400-e29b-41d4-a716-000000000864,2026-05-12,火,3,産婦人科学14,金山,301,13:00:00,14:30:00,2026-04-01 00:00:00+00,4,,false,,,,,,,,
550e8400-e29b-41d4-a716-000000000865,2026-05-12,火,4,医学英語Ⅲ4,,臨小・301,14:40:00,16:10:00,2026-04-01 00:00:00+00,4,,false,,,,,,,,
550e8400-e29b-41d4-a716-000000000866,2026-05-13,水,1,血液内科学11,鈴木優,301,08:50:00,10:20:00,2026-04-01 00:00:00+00,4,,false,,,,,,,,
550e8400-e29b-41d4-a716-000000000867,2026-05-14,木,1,麻酔・集中治療医学13,大沼,301,08:50:00,10:20:00,2026-04-01 00:00:00+00,4,,false,,,,,,,,
550e8400-e29b-41d4-a716-000000000868,2026-05-14,木,2,麻酔・集中治療医学14,谷口美/中島,301,10:30:00,12:00:00,2026-04-01 00:00:00+00,4,,false,,,,,,,,
550e8400-e29b-41d4-a716-000000000869,2026-05-14,木,3,麻酔・集中治療医学15,栗田,301,13:00:00,14:30:00,2026-04-01 00:00:00+00,4,,false,,,,,,,,
550e8400-e29b-41d4-a716-000000000870,2026-05-14,木,4,小児科学13,平出拓,301,14:40:00,16:10:00,2026-04-01 00:00:00+00,4,,false,,,,,,,,
550e8400-e29b-41d4-a716-000000000871,2026-05-15,金,1,法医学13,野澤,301,08:50:00,10:20:00,2026-04-01 00:00:00+00,4,,false,,,,,,,,
550e8400-e29b-41d4-a716-000000000872,2026-05-15,金,2,法医学14,野澤,301,10:30:00,12:00:00,2026-04-01 00:00:00+00,4,,false,,,,,,,,
550e8400-e29b-41d4-a716-000000000873,2026-05-15,金,3,皮膚科学13,福地,301,13:00:00,14:30:00,2026-04-01 00:00:00+00,4,,false,,,,,,,,
550e8400-e29b-41d4-a716-000000000874,2026-05-15,金,4,皮膚科学14,森本,301,14:40:00,16:10:00,2026-04-01 00:00:00+00,4,,false,,,,,,,,
550e8400-e29b-41d4-a716-000000000875,2026-05-15,金,5,皮膚科学15,小倉,301,16:20:00,17:50:00,2026-04-01 00:00:00+00,4,,false,,,,,,,,
550e8400-e29b-41d4-a716-000000000876,2026-05-18,月,1,法医学試験,,臨床大,08:50:00,10:20:00,2026-04-01 00:00:00+00,4,,false,,,,,,,,
550e8400-e29b-41d4-a716-000000000877,2026-05-19,火,1,リハビリテーション医学1,山内,301,08:50:00,10:20:00,2026-04-01 00:00:00+00,4,,false,,,,,,,,
550e8400-e29b-41d4-a716-000000000878,2026-05-19,火,2,リハビリテーション医学2,片桐,301,10:30:00,12:00:00,2026-04-01 00:00:00+00,4,,false,,,,,,,,
550e8400-e29b-41d4-a716-000000000879,2026-05-19,火,3,リハビリテーション医学3,佐藤知/中川,301,13:00:00,14:30:00,2026-04-01 00:00:00+00,4,,false,,,,,,,,
550e8400-e29b-41d4-a716-000000000880,2026-05-19,火,4,医学英語Ⅲ5,,臨小・301,14:40:00,16:10:00,2026-04-01 00:00:00+00,4,,false,,,,,,,,
550e8400-e29b-41d4-a716-000000000881,2026-05-20,水,1,臨床検査医学1,岩泉,301,08:50:00,10:20:00,2026-04-01 00:00:00+00,4,,false,,,,,,,,
550e8400-e29b-41d4-a716-000000000882,2026-05-20,水,2,臨床検査医学2,岩泉,301,10:30:00,12:00:00,2026-04-01 00:00:00+00,4,,false,,,,,,,,
550e8400-e29b-41d4-a716-000000000883,2026-05-20,水,3,臨床検査医学3,岩泉,301,13:00:00,14:30:00,2026-04-01 00:00:00+00,4,,false,,,,,,,,
550e8400-e29b-41d4-a716-000000000884,2026-05-20,水,4,臨床検査医学4,岩泉,301,14:40:00,16:10:00,2026-04-01 00:00:00+00,4,,false,,,,,,,,
550e8400-e29b-41d4-a716-000000000885,2026-05-20,水,5,臨床検査医学5,岩泉,301,16:20:00,17:50:00,2026-04-01 00:00:00+00,4,,false,,,,,,,,
550e8400-e29b-41d4-a716-000000000886,2026-05-21,木,1,臨床検査医学6,朝比奈,301,08:50:00,10:20:00,2026-04-01 00:00:00+00,4,,false,,,,,,,,
550e8400-e29b-41d4-a716-000000000887,2026-05-21,木,2,臨床検査医学7,朝比奈,301,10:30:00,12:00:00,2026-04-01 00:00:00+00,4,,false,,,,,,,,
550e8400-e29b-41d4-a716-000000000888,2026-05-21,木,3,臨床検査医学8,朝比奈,301,13:00:00,14:30:00,2026-04-01 00:00:00+00,4,,false,,,,,,,,
550e8400-e29b-41d4-a716-000000000889,2026-05-22,金,1,麻酔・集中治療医学試験,,臨床大,08:50:00,10:20:00,2026-04-01 00:00:00+00,4,,false,,,,,,,,
550e8400-e29b-41d4-a716-000000000890,2026-05-25,月,1,皮膚科学試験,,臨床大,08:50:00,10:20:00,2026-04-01 00:00:00+00,4,,false,,,,,,,,
550e8400-e29b-41d4-a716-000000000891,2026-05-25,月,4,血液内科学13・14,天野,臨床大,14:40:00,16:10:00,2026-04-01 00:00:00+00,4,,false,,,,,,,,
550e8400-e29b-41d4-a716-000000000892,2026-05-26,火,1,血液内科学12,岩城,301,08:50:00,10:20:00,2026-04-01 00:00:00+00,4,,false,,,,,,,,
550e8400-e29b-41d4-a716-000000000893,2026-05-26,火,3,臨床薬理学1,乾,301,13:00:00,14:30:00,2026-04-01 00:00:00+00,4,,false,,,,,,,,
550e8400-e29b-41d4-a716-000000000894,2026-05-26,火,4,臨床薬理学2,乾,301,14:40:00,16:10:00,2026-04-01 00:00:00+00,4,,false,,,,,,,,
550e8400-e29b-41d4-a716-000000000895,2026-05-27,水,1,免疫内科学1,下山,301,08:50:00,10:20:00,2026-04-01 00:00:00+00,4,,false,,,,,,,,
550e8400-e29b-41d4-a716-000000000896,2026-05-27,水,2,免疫内科学2,古川/下山,301,10:30:00,12:00:00,2026-04-01 00:00:00+00,4,,false,,,,,,,,
550e8400-e29b-41d4-a716-000000000897,2026-05-27,水,3,免疫内科学3,小川法,301,13:00:00,14:30:00,2026-04-01 00:00:00+00,4,,false,,,,,,,,
550e8400-e29b-41d4-a716-000000000898,2026-05-27,水,4,医学英語Ⅲ6,,臨小・301,14:40:00,16:10:00,2026-04-01 00:00:00+00,4,,false,,,,,,,,
550e8400-e29b-41d4-a716-000000000899,2026-05-28,木,1,救急災害医学1,渥美,301,08:50:00,10:20:00,2026-04-01 00:00:00+00,4,,false,,,,,,,,
550e8400-e29b-41d4-a716-000000000900,2026-05-28,木,2,小児科学16,安岡,301,10:30:00,12:00:00,2026-04-01 00:00:00+00,4,,false,,,,,,,,
550e8400-e29b-41d4-a716-000000000901,2026-05-28,木,3,小児科学17,坂口,301,13:00:00,14:30:00,2026-04-01 00:00:00+00,4,,false,,,,,,,,
550e8400-e29b-41d4-a716-000000000902,2026-05-28,木,4,小児科学18,坂口,301,14:40:00,16:10:00,2026-04-01 00:00:00+00,4,,false,,,,,,,,
550e8400-e29b-41d4-a716-000000000903,2026-05-29,金,1,臨床薬理学3,乾,301,08:50:00,10:20:00,2026-04-01 00:00:00+00,4,,false,,,,,,,,
550e8400-e29b-41d4-a716-000000000904,2026-05-29,金,2,臨床薬理学4,乾,301,10:30:00,12:00:00,2026-04-01 00:00:00+00,4,,false,,,,,,,,
550e8400-e29b-41d4-a716-000000000905,2026-05-29,金,3,産婦人科学20,谷口千,301,13:00:00,14:30:00,2026-04-01 00:00:00+00,4,,false,,,,,,,,
550e8400-e29b-41d4-a716-000000000906,2026-05-29,金,4,産婦人科学21,松家,301,14:40:00,16:10:00,2026-04-01 00:00:00+00,4,,false,,,,,,,,
550e8400-e29b-41d4-a716-000000000907,2026-05-30,土,1,整形外科学6,星野,301,08:50:00,10:20:00,2026-04-01 00:00:00+00,4,,false,,,,,,,,
550e8400-e29b-41d4-a716-000000000908,2026-05-30,土,2,整形外科学7,紫藤,301,10:30:00,12:00:00,2026-04-01 00:00:00+00,4,,false,,,,,,,,
550e8400-e29b-41d4-a716-000000000909,2026-05-30,土,3,整形外科学8,野本,301,13:00:00,14:30:00,2026-04-01 00:00:00+00,4,,false,,,,,,,,
550e8400-e29b-41d4-a716-000000000910,2026-05-30,土,4,救急災害医学2,加藤俊,301,14:40:00,16:10:00,2026-04-01 00:00:00+00,4,,false,,,,,,,,
550e8400-e29b-41d4-a716-000000000911,2026-05-30,土,5,救急災害医学3,齊藤,301,16:20:00,17:50:00,2026-04-01 00:00:00+00,4,,false,,,,,,,,
550e8400-e29b-41d4-a716-000000000912,2026-06-01,月,1,血液内科学試験,,臨床大,08:50:00,10:20:00,2026-04-01 00:00:00+00,4,,false,,,,,,,,
550e8400-e29b-41d4-a716-000000000913,2026-06-02,火,1,小児科学19,宮入,301,08:50:00,10:20:00,2026-04-01 00:00:00+00,4,,false,,,,,,,,
550e8400-e29b-41d4-a716-000000000914,2026-06-02,火,2,小児科学20,夏目,301,10:30:00,12:00:00,2026-04-01 00:00:00+00,4,,false,,,,,,,,
550e8400-e29b-41d4-a716-000000000915,2026-06-03,水,1,形成外科学4,中川,301,08:50:00,10:20:00,2026-04-01 00:00:00+00,4,,false,,,,,,,,
550e8400-e29b-41d4-a716-000000000916,2026-06-03,水,2,形成外科学5,奥村,301,10:30:00,12:00:00,2026-04-01 00:00:00+00,4,,false,,,,,,,,
550e8400-e29b-41d4-a716-000000000917,2026-06-03,水,3,形成外科学6,矢野,301,13:00:00,14:30:00,2026-04-01 00:00:00+00,4,,false,,,,,,,,
550e8400-e29b-41d4-a716-000000000918,2026-06-04,木,1,リハビリテーション医学4,蓮井/山内,301,08:50:00,10:20:00,2026-04-01 00:00:00+00,4,,false,,,,,,,,
550e8400-e29b-41d4-a716-000000000919,2026-06-04,木,2,リハビリテーション医学5,磯部貴/山内,301,10:30:00,12:00:00,2026-04-01 00:00:00+00,4,,false,,,,,,,,
550e8400-e29b-41d4-a716-000000000920,2026-06-04,木,3,リハビリテーション医学6,高嶋/山内,301,13:00:00,14:30:00,2026-04-01 00:00:00+00,4,,false,,,,,,,,
550e8400-e29b-41d4-a716-000000000921,2026-06-04,木,4,救急災害医学7,松岡,301,14:40:00,16:10:00,2026-04-01 00:00:00+00,4,,false,,,,,,,,
550e8400-e29b-41d4-a716-000000000922,2026-06-05,金,1,救急災害医学4,高橋善,301,08:50:00,10:20:00,2026-04-01 00:00:00+00,4,,false,,,,,,,,
550e8400-e29b-41d4-a716-000000000923,2026-06-05,金,2,救急災害医学5,高橋善,301,10:30:00,12:00:00,2026-04-01 00:00:00+00,4,,false,,,,,,,,
550e8400-e29b-41d4-a716-000000000924,2026-06-05,金,3,救急災害医学6,早川,301,13:00:00,14:30:00,2026-04-01 00:00:00+00,4,,false,,,,,,,,
550e8400-e29b-41d4-a716-000000000925,2026-06-05,金,4,免疫内科学4,下山,301,14:40:00,16:10:00,2026-04-01 00:00:00+00,4,,false,,,,,,,,
550e8400-e29b-41d4-a716-000000000926,2026-06-05,金,5,免疫内科学5,高取,301,16:20:00,17:50:00,2026-04-01 00:00:00+00,4,,false,,,,,,,,
550e8400-e29b-41d4-a716-000000000927,2026-06-05,金,6,臨床検査医学試験,,臨床大,08:40:00,09:40:00,2026-04-01 00:00:00+00,4,,false,,,,,,,,
550e8400-e29b-41d4-a716-000000000928,2026-06-11,木,1,臨床薬理学7,野間,301,08:50:00,10:20:00,2026-04-01 00:00:00+00,4,,false,,,,,,,,
550e8400-e29b-41d4-a716-000000000929,2026-06-11,木,2,免疫内科学7,下山,301,10:30:00,12:00:00,2026-04-01 00:00:00+00,4,,false,,,,,,,,
550e8400-e29b-41d4-a716-000000000930,2026-06-11,木,3,免疫内科学8,下山,301,13:00:00,14:30:00,2026-04-01 00:00:00+00,4,,false,,,,,,,,
550e8400-e29b-41d4-a716-000000000931,2026-06-12,金,1,整形外科学10,堀田,301,08:50:00,10:20:00,2026-04-01 00:00:00+00,4,,false,,,,,,,,
550e8400-e29b-41d4-a716-000000000932,2026-06-12,金,2,整形外科学11,古橋弘,301,10:30:00,12:00:00,2026-04-01 00:00:00+00,4,,false,,,,,,,,
550e8400-e29b-41d4-a716-000000000933,2026-06-17,水,2,免疫内科学試験,,臨床大,10:30:00,12:00:00,2026-04-01 00:00:00+00,4,,false,,,,,,,,
550e8400-e29b-41d4-a716-000000000934,2026-06-18,木,1,臨床薬理学8,龍口,301,08:50:00,10:20:00,2026-04-01 00:00:00+00,4,,false,,,,,,,,
550e8400-e29b-41d4-a716-000000000935,2026-06-22,月,1,整形外科学試験,,臨床大,08:50:00,10:20:00,2026-04-01 00:00:00+00,4,,false,,,,,,,,
550e8400-e29b-41d4-a716-000000000936,2026-06-25,木,1,整形外科学12,大村,301,08:50:00,10:20:00,2026-04-01 00:00:00+00,4,,false,,,,,,,,
550e8400-e29b-41d4-a716-000000000937,2026-06-29,月,1,臨床腫瘍学1,坊岡/竹内裕,301,08:50:00,10:20:00,2026-04-01 00:00:00+00,4,,false,,,,,,,,
550e8400-e29b-41d4-a716-000000000938,2026-06-29,月,2,臨床腫瘍学2,尾島,301,10:30:00,12:00:00,2026-04-01 00:00:00+00,4,,false,,,,,,,,
550e8400-e29b-41d4-a716-000000000939,2026-06-29,月,3,臨床腫瘍学3,小西憲,301,13:00:00,14:30:00,2026-04-01 00:00:00+00,4,,false,,,,,,,,
550e8400-e29b-41d4-a716-000000000940,2026-06-29,月,4,臨床薬理学14,古田,301,14:40:00,16:10:00,2026-04-01 00:00:00+00,4,,false,,,,,,,,
550e8400-e29b-41d4-a716-000000000941,2026-07-01,水,1,リハビリテーション医学試験,,臨床大,08:50:00,10:20:00,2026-04-01 00:00:00+00,4,,false,,,,,,,,
550e8400-e29b-41d4-a716-000000000942,2026-07-06,月,4,形成外科学試験,,臨床大,14:40:00,16:10:00,2026-04-01 00:00:00+00,4,,false,,,,,,,,
550e8400-e29b-41d4-a716-000000000943,2026-07-07,火,1,産婦人科学29,伊藤敏,301,08:50:00,10:20:00,2026-04-01 00:00:00+00,4,,false,,,,,,,,
550e8400-e29b-41d4-a716-000000000944,2026-07-07,火,2,産婦人科学30,安部,301,10:30:00,12:00:00,2026-04-01 00:00:00+00,4,,false,,,,,,,,
550e8400-e29b-41d4-a716-000000000945,2026-07-08,水,1,小児科学23,宮入,301,08:50:00,10:20:00,2026-04-01 00:00:00+00,4,,false,,,,,,,,
550e8400-e29b-41d4-a716-000000000946,2026-07-08,水,2,小児科学24,宮入,301,10:30:00,12:00:00,2026-04-01 00:00:00+00,4,,false,,,,,,,,
550e8400-e29b-41d4-a716-000000000947,2026-07-08,水,3,小児科学25,大石彰,301,13:00:00,14:30:00,2026-04-01 00:00:00+00,4,,false,,,,,,,,
550e8400-e29b-41d4-a716-000000000948,2026-07-09,木,1,救急災害医学試験,,臨床大,08:50:00,10:20:00,2026-04-01 00:00:00+00,4,,false,,,,,,,,
550e8400-e29b-41d4-a716-000000000949,2026-07-10,金,1,臨床薬理学試験,,臨床大,08:50:00,10:20:00,2026-04-01 00:00:00+00,4,,false,,,,,,,,
550e8400-e29b-41d4-a716-000000000950,2026-07-14,火,1,小児科学28,古橋弘,301,08:50:00,10:20:00,2026-04-01 00:00:00+00,4,,false,,,,,,,,
550e8400-e29b-41d4-a716-000000000951,2026-07-14,火,2,小児科学29,安岡,301,10:30:00,12:00:00,2026-04-01 00:00:00+00,4,,false,,,,,,,,
550e8400-e29b-41d4-a716-000000000952,2026-07-14,火,4,臨床腫瘍学8,和久田,301,14:40:00,16:10:00,2026-04-01 00:00:00+00,4,,false,,,,,,,,
550e8400-e29b-41d4-a716-000000000953,2026-07-15,水,1,産婦人科学試験,,臨床大,08:50:00,10:20:00,2026-04-01 00:00:00+00,4,,false,,,,,,,,
550e8400-e29b-41d4-a716-000000000954,2026-07-27,月,1,小児科学試験,,臨床大,08:50:00,10:20:00,2026-04-01 00:00:00+00,4,,false,,,,,,,,
550e8400-e29b-41d4-a716-000000000955,2026-07-29,水,1,臨床腫瘍学試験,,臨床大,08:50:00,10:20:00,2026-04-01 00:00:00+00,4,,false,,,,,,,,
550e8400-e29b-41d4-a716-000000000956,2026-07-31,金,1,小児科学32,林/宮入,301,08:50:00,10:20:00,2026-04-01 00:00:00+00,4,,false,,,,,,,,
550e8400-e29b-41d4-a716-000000000957,2026-09-08,火,1,医4 CBT(第1グループ),,301,08:50:00,10:20:00,2026-04-01 00:00:00+00,4,,false,,,,,,,,
550e8400-e29b-41d4-a716-000000000958,2026-09-09,水,1,医4 CBT(第2グループ),,301,08:50:00,10:20:00,2026-04-01 00:00:00+00,4,,false,,,,,,,,
550e8400-e29b-41d4-a716-000000000959,2026-09-11,金,1,臨床医学総論,,301,08:50:00,10:20:00,2026-04-01 00:00:00+00,4,,false,,,,,,,,
550e8400-e29b-41d4-a716-000000000960,2026-09-14,月,1,臨床医学総論,,301,08:50:00,10:20:00,2026-04-01 00:00:00+00,4,,false,,,,,,,,
550e8400-e29b-41d4-a716-000000000961,2026-09-15,火,1,PBL(臨床Ⅱ)4-1,,301,08:50:00,10:20:00,2026-04-01 00:00:00+00,4,,false,,,,,,,,
550e8400-e29b-41d4-a716-000000000962,2026-09-16,水,1,臨床医学総論,,301,08:50:00,10:20:00,2026-04-01 00:00:00+00,4,,false,,,,,,,,
550e8400-e29b-41d4-a716-000000000963,2026-09-18,金,1,臨床医学総論,,301,08:50:00,10:20:00,2026-04-01 00:00:00+00,4,,false,,,,,,,,
550e8400-e29b-41d4-a716-000000000964,2026-09-25,金,1,臨床医学総論,,301,08:50:00,10:20:00,2026-04-01 00:00:00+00,4,,false,,,,,,,,
550e8400-e29b-41d4-a716-000000000965,2026-09-28,月,1,臨床医学総論 統合演習,,301,08:50:00,10:20:00,2026-04-01 00:00:00+00,4,,false,,,,,,,,
550e8400-e29b-41d4-a716-000000000966,2026-09-30,水,1,臨床医学総論 統合演習,,301,08:50:00,10:20:00,2026-04-01 00:00:00+00,4,,false,,,,,,,,
550e8400-e29b-41d4-a716-000000000967,2026-10-05,月,1,臨床医学総論,,301,08:50:00,10:20:00,2026-04-01 00:00:00+00,4,,false,,,,,,,,
550e8400-e29b-41d4-a716-000000000968,2026-10-08,木,1,臨床医学総論,,301,08:50:00,10:20:00,2026-04-01 00:00:00+00,4,,false,,,,,,,,
550e8400-e29b-41d4-a716-000000000969,2026-10-13,火,1,臨床医学総論,,301,08:50:00,10:20:00,2026-04-01 00:00:00+00,4,,false,,,,,,,,
550e8400-e29b-41d4-a716-000000000970,2026-10-14,水,1,臨床医学総論,,301,08:50:00,10:20:00,2026-04-01 00:00:00+00,4,,false,,,,,,,,
550e8400-e29b-41d4-a716-000000000971,2026-10-20,火,1,臨床医学総論,,301,08:50:00,10:20:00,2026-04-01 00:00:00+00,4,,false,,,,,,,,
550e8400-e29b-41d4-a716-000000000972,2026-11-05,木,1,臨床医学総論,,301,08:50:00,10:20:00,2026-04-01 00:00:00+00,4,,false,,,,,,,,
550e8400-e29b-41d4-a716-000000000973,2026-11-05,木,2,臨床感染症学・免疫学,,301,10:30:00,12:00:00,2026-04-01 00:00:00+00,4,,false,,,,,,,,
550e8400-e29b-41d4-a716-000000000974,2026-11-11,水,1,臨床医学総論,,301,08:50:00,10:20:00,2026-04-01 00:00:00+00,4,,false,,,,,,,,
550e8400-e29b-41d4-a716-000000000975,2026-11-11,水,2,臨床感染症学・免疫学,,301,10:30:00,12:00:00,2026-04-01 00:00:00+00,4,,false,,,,,,,,
550e8400-e29b-41d4-a716-000000000976,2026-11-17,火,1,臨床医学総論,,301,08:50:00,10:20:00,2026-04-01 00:00:00+00,4,,false,,,,,,,,
550e8400-e29b-41d4-a716-000000000977,2026-11-17,火,2,臨床感染症学・免疫学,,301,10:30:00,12:00:00,2026-04-01 00:00:00+00,4,,false,,,,,,,,
550e8400-e29b-41d4-a716-000000000978,2026-11-24,火,1,臨床感染症学・免疫学試験,,臨床大,08:50:00,10:20:00,2026-04-01 00:00:00+00,4,,false,,,,,,,,
550e8400-e29b-41d4-a716-000000000979,2026-11-25,水,1,臨床医学総論試験,,臨床大,08:50:00,10:20:00,2026-04-01 00:00:00+00,4,,false,,,,,,,,
550e8400-e29b-41d4-a716-000000000980,2026-11-30,月,1,臨床医学総論,,301,08:50:00,10:20:00,2026-04-01 00:00:00+00,4,,false,,,,,,,,
550e8400-e29b-41d4-a716-000000000981,2026-11-30,月,2,臨床感染症学・免疫学,,301,10:30:00,12:00:00,2026-04-01 00:00:00+00,4,,false,,,,,,,,
550e8400-e29b-41d4-a716-000000000982,2026-11-30,月,3,光医学の基礎と臨床応用,,301,13:00:00,14:30:00,2026-04-01 00:00:00+00,4,,false,,,,,,,,
550e8400-e29b-41d4-a716-000000000983,2026-12-01,火,1,臨床医学総論,,301,08:50:00,10:20:00,2026-04-01 00:00:00+00,4,,false,,,,,,,,
550e8400-e29b-41d4-a716-000000000984,2026-12-01,火,2,臨床感染症学・免疫学,,301,10:30:00,12:00:00,2026-04-01 00:00:00+00,4,,false,,,,,,,,
550e8400-e29b-41d4-a716-000000000985,2026-12-01,火,3,光医学の基礎と臨床応用,,301,13:00:00,14:30:00,2026-04-01 00:00:00+00,4,,false,,,,,,,,
550e8400-e29b-41d4-a716-000000000986,2026-12-09,水,1,光医学の基礎と臨床応用,,301,08:50:00,10:20:00,2026-04-01 00:00:00+00,4,,false,,,,,,,,
550e8400-e29b-41d4-a716-000000000987,2026-12-14,月,1,光医学の基礎と臨床応用,,301,08:50:00,10:20:00,2026-04-01 00:00:00+00,4,,false,,,,,,,,
550e8400-e29b-41d4-a716-000000000988,2026-12-17,木,1,光医学の基礎と臨床応用,,301,08:50:00,10:20:00,2026-04-01 00:00:00+00,4,,false,,,,,,,,
550e8400-e29b-41d4-a716-000000000989,2027-01-12,火,1,臨床実習,,臨床実習室,08:50:00,10:20:00,2026-04-01 00:00:00+00,4,,false,,,,,,,,
550e8400-e29b-41d4-a716-000000000990,2027-01-13,水,1,臨床実習,,臨床実習室,08:50:00,10:20:00,2026-04-01 00:00:00+00,4,,false,,,,,,,,
550e8400-e29b-41d4-a716-000000000991,2027-01-14,木,1,臨床実習,,臨床実習室,08:50:00,10:20:00,2026-04-01 00:00:00+00,4,,false,,,,,,,,
550e8400-e29b-41d4-a716-000000000992,2027-01-18,月,1,臨床実習,,臨床実習室,08:50:00,10:20:00,2026-04-01 00:00:00+00,4,,false,,,,,,,,
550e8400-e29b-41d4-a716-000000000993,2027-01-19,火,1,臨床実習,,臨床実習室,08:50:00,10:20:00,2026-04-01 00:00:00+00,4,,false,,,,,,,,
550e8400-e29b-41d4-a716-000000000994,2027-01-20,水,1,臨床実習,,臨床実習室,08:50:00,10:20:00,2026-04-01 00:00:00+00,4,,false,,,,,,,,
550e8400-e29b-41d4-a716-000000000995,2027-01-21,木,1,臨床実習,,臨床実習室,08:50:00,10:20:00,2026-04-01 00:00:00+00,4,,false,,,,,,,,
550e8400-e29b-41d4-a716-000000000996,2027-01-22,金,1,臨床実習,,臨床実習室,08:50:00,10:20:00,2026-04-01 00:00:00+00,4,,false,,,,,,,,
550e8400-e29b-41d4-a716-000000000997,2027-01-25,月,1,臨床実習,,臨床実習室,08:50:00,10:20:00,2026-04-01 00:00:00+00,4,,false,,,,,,,,
550e8400-e29b-41d4-a716-000000000998,2027-01-26,火,1,臨床実習,,臨床実習室,08:50:00,10:20:00,2026-04-01 00:00:00+00,4,,false,,,,,,,,
550e8400-e29b-41d4-a716-000000000999,2027-01-27,水,1,臨床実習,,臨床実習室,08:50:00,10:20:00,2026-04-01 00:00:00+00,4,,false,,,,,,,,
550e8400-e29b-41d4-a716-000000001000,2027-01-28,木,1,臨床実習,,臨床実習室,08:50:00,10:20:00,2026-04-01 00:00:00+00,4,,false,,,,,,,,
550e8400-e29b-41d4-a716-000000001001,2027-01-29,金,1,臨床実習,,臨床実習室,08:50:00,10:20:00,2026-04-01 00:00:00+00,4,,false,,,,,,,,
550e8400-e29b-41d4-a716-000000001002,2027-02-01,月,1,臨床実習,,臨床実習室,08:50:00,10:20:00,2026-04-01 00:00:00+00,4,,false,,,,,,,,
550e8400-e29b-41d4-a716-000000001003,2027-02-02,火,1,臨床実習,,臨床実習室,08:50:00,10:20:00,2026-04-01 00:00:00+00,4,,false,,,,,,,,
550e8400-e29b-41d4-a716-000000001004,2027-02-03,水,1,臨床実習,,臨床実習室,08:50:00,10:20:00,2026-04-01 00:00:00+00,4,,false,,,,,,,,
550e8400-e29b-41d4-a716-000000001005,2027-02-04,木,1,臨床実習,,臨床実習室,08:50:00,10:20:00,2026-04-01 00:00:00+00,4,,false,,,,,,,,
550e8400-e29b-41d4-a716-000000001006,2027-02-05,金,1,臨床実習,,臨床実習室,08:50:00,10:20:00,2026-04-01 00:00:00+00,4,,false,,,,,,,,
550e8400-e29b-41d4-a716-000000001007,2027-02-08,月,1,臨床実習,,臨床実習室,08:50:00,10:20:00,2026-04-01 00:00:00+00,4,,false,,,,,,,,
550e8400-e29b-41d4-a716-000000001008,2027-02-09,火,1,臨床実習,,臨床実習室,08:50:00,10:20:00,2026-04-01 00:00:00+00,4,,false,,,,,,,,
550e8400-e29b-41d4-a716-000000001009,2027-02-10,水,1,臨床実習,,臨床実習室,08:50:00,10:20:00,2026-04-01 00:00:00+00,4,,false,,,,,,,,
550e8400-e29b-41d4-a716-000000001010,2027-02-12,金,1,臨床実習,,臨床実習室,08:50:00,10:20:00,2026-04-01 00:00:00+00,4,,false,,,,,,,,
550e8400-e29b-41d4-a716-000000001011,2027-02-15,月,1,臨床実習,,臨床実習室,08:50:00,10:20:00,2026-04-01 00:00:00+00,4,,false,,,,,,,,
550e8400-e29b-41d4-a716-000000001012,2027-02-16,火,1,臨床実習,,臨床実習室,08:50:00,10:20:00,2026-04-01 00:00:00+00,4,,false,,,,,,,,
550e8400-e29b-41d4-a716-000000001013,2027-02-17,水,1,臨床実習,,臨床実習室,08:50:00,10:20:00,2026-04-01 00:00:00+00,4,,false,,,,,,,,
550e8400-e29b-41d4-a716-000000001014,2027-02-19,金,1,臨床実習,,臨床実習室,08:50:00,10:20:00,2026-04-01 00:00:00+00,4,,false,,,,,,,,
550e8400-e29b-41d4-a716-000000001015,2027-02-22,月,1,臨床実習,,臨床実習室,08:50:00,10:20:00,2026-04-01 00:00:00+00,4,,false,,,,,,,,
550e8400-e29b-41d4-a716-000000001016,2027-02-24,水,1,臨床実習,,臨床実習室,08:50:00,10:20:00,2026-04-01 00:00:00+00,4,,false,,,,,,,,
550e8400-e29b-41d4-a716-000000001017,2027-02-25,木,1,臨床実習,,臨床実習室,08:50:00,10:20:00,2026-04-01 00:00:00+00,4,,false,,,,,,,,
550e8400-e29b-41d4-a716-000000001018,2027-02-26,金,1,臨床実習,,臨床実習室,08:50:00,10:20:00,2026-04-01 00:00:00+00,4,,false,,,,,,,,
550e8400-e29b-41d4-a716-000000001019,2027-03-01,月,1,臨床実習,,臨床実習室,08:50:00,10:20:00,2026-04-01 00:00:00+00,4,,false,,,,,,,,
550e8400-e29b-41d4-a716-000000001020,2027-03-02,火,1,臨床実習,,臨床実習室,08:50:00,10:20:00,2026-04-01 00:00:00+00,4,,false,,,,,,,,
550e8400-e29b-41d4-a716-000000001021,2027-03-03,水,1,臨床実習,,臨床実習室,08:50:00,10:20:00,2026-04-01 00:00:00+00,4,,false,,,,,,,,
550e8400-e29b-41d4-a716-000000001022,2027-03-04,木,1,臨床実習,,臨床実習室,08:50:00,10:20:00,2026-04-01 00:00:00+00,4,,false,,,,,,,,
550e8400-e29b-41d4-a716-000000001023,2027-03-05,金,1,臨床実習,,臨床実習室,08:50:00,10:20:00,2026-04-01 00:00:00+00,4,,false,,,,,,,,
550e8400-e29b-41d4-a716-000000001024,2027-03-08,月,1,臨床実習,,臨床実習室,08:50:00,10:20:00,2026-04-01 00:00:00+00,4,,false,,,,,,,,
550e8400-e29b-41d4-a716-000000001025,2027-03-09,火,1,臨床実習,,臨床実習室,08:50:00,10:20:00,2026-04-01 00:00:00+00,4,,false,,,,,,,,
550e8400-e29b-41d4-a716-000000001026,2027-03-10,水,1,臨床実習,,臨床実習室,08:50:00,10:20:00,2026-04-01 00:00:00+00,4,,false,,,,,,,,
550e8400-e29b-41d4-a716-000000001027,2027-03-11,木,1,臨床実習,,臨床実習室,08:50:00,10:20:00,2026-04-01 00:00:00+00,4,,false,,,,,,,,
550e8400-e29b-41d4-a716-000000001028,2027-03-12,金,1,臨床実習,,臨床実習室,08:50:00,10:20:00,2026-04-01 00:00:00+00,4,,false,,,,,,,,
550e8400-e29b-41d4-a716-000000001029,2027-03-15,月,1,臨床実習,,臨床実習室,08:50:00,10:20:00,2026-04-01 00:00:00+00,4,,false,,,,,,,,
550e8400-e29b-41d4-a716-000000001030,2027-03-16,火,1,臨床実習,,臨床実習室,08:50:00,10:20:00,2026-04-01 00:00:00+00,4,,false,,,,,,,,
550e8400-e29b-41d4-a716-000000001031,2027-03-17,水,1,臨床実習,,臨床実習室,08:50:00,10:20:00,2026-04-01 00:00:00+00,4,,false,,,,,,,,
550e8400-e29b-41d4-a716-000000001032,2027-03-18,木,1,臨床実習,,臨床実習室,08:50:00,10:20:00,2026-04-01 00:00:00+00,4,,false,,,,,,,,
550e8400-e29b-41d4-a716-000000001033,2027-03-19,金,1,臨床実習,,臨床実習室,08:50:00,10:20:00,2026-04-01 00:00:00+00,4,,false,,,,,,,,
550e8400-e29b-41d4-a716-000000001034,2027-03-22,月,1,臨床実習,,臨床実習室,08:50:00,10:20:00,2026-04-01 00:00:00+00,4,,false,,,,,,,,
550e8400-e29b-41d4-a716-000000001035,2027-03-23,火,1,臨床実習,,臨床実習室,08:50:00,10:20:00,2026-04-01 00:00:00+00,4,,false,,,,,,,,
550e8400-e29b-41d4-a716-000000001036,2027-03-24,水,1,臨床実習,,臨床実習室,08:50:00,10:20:00,2026-04-01 00:00:00+00,4,,false,,,,,,,,
550e8400-e29b-41d4-a716-000000001037,2027-03-25,木,1,臨床実習,,臨床実習室,08:50:00,10:20:00,2026-04-01 00:00:00+00,4,,false,,,,,,,,
550e8400-e29b-41d4-a716-000000001038,2027-03-26,金,1,臨床実習,,臨床実習室,08:50:00,10:20:00,2026-04-01 00:00:00+00,4,,false,,,,,,,,
550e8400-e29b-41d4-a716-000000001039,2027-03-29,月,1,臨床実習,,臨床実習室,08:50:00,10:20:00,2026-04-01 00:00:00+00,4,,false,,,,,,,,
550e8400-e29b-41d4-a716-000000001040,2027-03-30,火,1,臨床実習,,臨床実習室,08:50:00,10:20:00,2026-04-01 00:00:00+00,4,,false,,,,,,,,
550e8400-e29b-41d4-a716-000000001041,2027-03-31,水,1,臨床実習,,臨床実習室,08:50:00,10:20:00,2026-04-01 00:00:00+00,4,,false,,,,,,,,
550e8400-e29b-41d4-a716-000000001042,2026-06-01,月,1,総合診療学・老年科学 臨床実習総まとめ演習1日目,,研究棟B1F第2シミュレーションルーム,08:50:00,10:20:00,2026-04-01 00:00:00+00,6,,false,,,,,,,,
550e8400-e29b-41d4-a716-000000001043,2026-06-02,火,1,総合診療学・老年科学 臨床実習総まとめ演習2日目,,研究棟B1F第2シミュレーションルーム,08:50:00,10:20:00,2026-04-01 00:00:00+00,6,,false,,,,,,,,
550e8400-e29b-41d4-a716-000000001044,2026-06-08,月,1,総合診療学・老年科学,蓮井・山内,大講義室,08:50:00,10:20:00,2026-04-01 00:00:00+00,6,,false,,,,,,,,
550e8400-e29b-41d4-a716-000000001045,2026-06-08,月,2,光医学の基礎と臨床応用,芳澤暢子,大講義室,10:30:00,12:00:00,2026-04-01 00:00:00+00,6,,false,,,,,,,,
550e8400-e29b-41d4-a716-000000001046,2026-06-09,火,1,総合診療学・老年科学,竹内浩視,大講義室,08:50:00,10:20:00,2026-04-01 00:00:00+00,6,,false,,,,,,,,
550e8400-e29b-41d4-a716-000000001047,2026-06-10,水,1,画像診断学,棚橋裕吉,大講義室,08:50:00,10:20:00,2026-04-01 00:00:00+00,6,,false,,,,,,,,
550e8400-e29b-41d4-a716-000000001048,2026-06-10,水,2,画像診断学,棚橋裕吉,大講義室,10:30:00,12:00:00,2026-04-01 00:00:00+00,6,,false,,,,,,,,
550e8400-e29b-41d4-a716-000000001049,2026-06-11,木,1,画像診断学,廣瀨・五島,大講義室,08:50:00,10:20:00,2026-04-01 00:00:00+00,6,,false,,,,,,,,
550e8400-e29b-41d4-a716-000000001050,2026-06-12,金,1,画像診断学,尾﨑公美,大講義室,08:50:00,10:20:00,2026-04-01 00:00:00+00,6,,false,,,,,,,,
550e8400-e29b-41d4-a716-000000001051,2026-06-15,月,1,光医学の基礎と臨床応用,尾内康臣,大講義室,08:50:00,10:20:00,2026-04-01 00:00:00+00,6,,false,,,,,,,,
550e8400-e29b-41d4-a716-000000001052,2026-06-16,火,1,総合診療学・老年科学,山本亮,大講義室,08:50:00,10:20:00,2026-04-01 00:00:00+00,6,,false,,,,,,,,
550e8400-e29b-41d4-a716-000000001053,2026-06-17,水,1,光医学の基礎と臨床応用,芳澤暢子,大講義室,08:50:00,10:20:00,2026-04-01 00:00:00+00,6,,false,,,,,,,,
550e8400-e29b-41d4-a716-000000001054,2026-06-18,木,1,光医学の基礎と臨床応用,大川晋平,大講義室,08:50:00,10:20:00,2026-04-01 00:00:00+00,6,,false,,,,,,,,
550e8400-e29b-41d4-a716-000000001055,2026-06-19,金,1,画像診断学,芳澤暢子,大講義室,08:50:00,10:20:00,2026-04-01 00:00:00+00,6,,false,,,,,,,,
550e8400-e29b-41d4-a716-000000001056,2026-06-19,金,2,画像診断学,五島聡,大講義室,10:30:00,12:00:00,2026-04-01 00:00:00+00,6,,false,,,,,,,,
550e8400-e29b-41d4-a716-000000001057,2026-06-22,月,1,総合診療学・老年科学,五島聡,大講義室,08:50:00,10:20:00,2026-04-01 00:00:00+00,6,,false,,,,,,,,
550e8400-e29b-41d4-a716-000000001058,2026-06-22,月,2,総合診療学・老年科学,鳴本敬一郎,大講義室,10:30:00,12:00:00,2026-04-01 00:00:00+00,6,,false,,,,,,,,
550e8400-e29b-41d4-a716-000000001059,2026-06-23,火,1,光医学の基礎と臨床応用,齊藤岳児,大講義室,08:50:00,10:20:00,2026-04-01 00:00:00+00,6,,false,,,,,,,,
550e8400-e29b-41d4-a716-000000001060,2026-06-24,水,1,画像診断学,久綱・五島,大講義室,08:50:00,10:20:00,2026-04-01 00:00:00+00,6,,false,,,,,,,,
550e8400-e29b-41d4-a716-000000001061,2026-06-25,木,1,光医学の基礎と臨床応用,村上浩雄,大講義室,08:50:00,10:20:00,2026-04-01 00:00:00+00,6,,false,,,,,,,,
550e8400-e29b-41d4-a716-000000001062,2026-06-26,金,1,画像診断学,芳澤暢子,大講義室,08:50:00,10:20:00,2026-04-01 00:00:00+00,6,,false,,,,,,,,
550e8400-e29b-41d4-a716-000000001063,2026-06-26,金,2,画像診断学,久保田・五島,大講義室,10:30:00,12:00:00,2026-04-01 00:00:00+00,6,,false,,,,,,,,
550e8400-e29b-41d4-a716-000000001064,2026-06-29,月,1,光医学の基礎と臨床応用,河崎秀陽,大講義室,08:50:00,10:20:00,2026-04-01 00:00:00+00,6,,false,,,,,,,,
550e8400-e29b-41d4-a716-000000001065,2026-06-29,月,2,光医学の基礎と臨床応用,牧野顕,大講義室,10:30:00,12:00:00,2026-04-01 00:00:00+00,6,,false,,,,,,,,
550e8400-e29b-41d4-a716-000000001066,2026-06-30,火,1,画像診断学,芳澤暢子,大講義室,08:50:00,10:20:00,2026-04-01 00:00:00+00,6,,false,,,,,,,,
550e8400-e29b-41d4-a716-000000001067,2026-07-07,火,1,総合診療学・老年科学,本田優希,大講義室,08:50:00,10:20:00,2026-04-01 00:00:00+00,6,,false,,,,,,,,
550e8400-e29b-41d4-a716-000000001068,2026-07-07,火,2,総合診療学・老年科学,中村和正,大講義室,10:30:00,12:00:00,2026-04-01 00:00:00+00,6,,false,,,,,,,,
550e8400-e29b-41d4-a716-000000001069,2026-07-08,水,1,総合診療学・老年科学,谷口千津子,大講義室,08:50:00,10:20:00,2026-04-01 00:00:00+00,6,,false,,,,,,,,
550e8400-e29b-41d4-a716-000000001070,2026-07-09,木,1,画像診断学,舟山・五島,大講義室,08:50:00,10:20:00,2026-04-01 00:00:00+00,6,,false,,,,,,,,
550e8400-e29b-41d4-a716-000000001071,2026-07-10,金,1,画像診断学,那須初子,大講義室,08:50:00,10:20:00,2026-04-01 00:00:00+00,6,,false,,,,,,,,
550e8400-e29b-41d4-a716-000000001072,2026-07-10,金,2,画像診断学,尾﨑公美,大講義室,10:30:00,12:00:00,2026-04-01 00:00:00+00,6,,false,,,,,,,,
550e8400-e29b-41d4-a716-000000001073,2026-07-13,月,1,総合診療学・老年科学,小林利彦,大講義室,08:50:00,10:20:00,2026-04-01 00:00:00+00,6,,false,,,,,,,,
550e8400-e29b-41d4-a716-000000001074,2026-07-14,火,1,画像診断学,芳澤暢子,大講義室,08:50:00,10:20:00,2026-04-01 00:00:00+00,6,,false,,,,,,,,
550e8400-e29b-41d4-a716-000000001075,2026-07-14,火,2,画像診断学,川村・五島,大講義室,10:30:00,12:00:00,2026-04-01 00:00:00+00,6,,false,,,,,,,,
550e8400-e29b-41d4-a716-000000001076,2026-07-15,水,1,画像診断学,芳澤暢子,大講義室,08:50:00,10:20:00,2026-04-01 00:00:00+00,6,,false,,,,,,,,
550e8400-e29b-41d4-a716-000000001077,2026-07-16,木,1,画像診断学,舟山・五島,大講義室,08:50:00,10:20:00,2026-04-01 00:00:00+00,6,,false,,,,,,,,
550e8400-e29b-41d4-a716-000000001078,2026-07-16,木,2,光医学の基礎と臨床応用,大川晋平,大講義室,10:30:00,12:00:00,2026-04-01 00:00:00+00,6,,false,,,,,,,,
550e8400-e29b-41d4-a716-000000001079,2026-07-21,火,1,総合診療学・老年科学,箕岡真子,大講義室,08:50:00,10:20:00,2026-04-01 00:00:00+00,6,,false,,,,,,,,
550e8400-e29b-41d4-a716-000000001080,2026-07-22,水,1,画像診断学,小林龍徳,特別講義室,08:50:00,10:20:00,2026-04-01 00:00:00+00,6,,false,,,,,,,,
550e8400-e29b-41d4-a716-000000001081,2026-07-22,水,2,卒業試験 整形外科学・皮膚科学,,臨床大,10:30:00,12:00:00,2026-04-01 00:00:00+00,6,,false,,,,,,,,
550e8400-e29b-41d4-a716-000000001082,2026-07-25,土,1,卒業試験 産科婦人科学,,臨床大,08:50:00,10:20:00,2026-04-01 00:00:00+00,6,,false,,,,,,,,
550e8400-e29b-41d4-a716-000000001083,2026-07-29,水,1,光医学の基礎と臨床応用,齊藤岳児,大講義室,08:50:00,10:20:00,2026-04-01 00:00:00+00,6,,false,,,,,,,,
550e8400-e29b-41d4-a716-000000001084,2026-07-30,木,1,画像診断学,舟山・五島,大講義室,08:50:00,10:20:00,2026-04-01 00:00:00+00,6,,false,,,,,,,,
550e8400-e29b-41d4-a716-000000001085,2026-07-30,木,2,光医学の基礎と臨床応用,大川晋平,大講義室,10:30:00,12:00:00,2026-04-01 00:00:00+00,6,,false,,,,,,,,
550e8400-e29b-41d4-a716-000000001086,2026-07-31,金,1,卒業試験 形成外科学・脳神経外科学・歯科口腔外科学,,臨床大,08:50:00,10:20:00,2026-04-01 00:00:00+00,6,,false,,,,,,,,
550e8400-e29b-41d4-a716-000000001087,2026-08-03,月,1,卒業試験 小児科学,,臨床大,08:50:00,10:20:00,2026-04-01 00:00:00+00,6,,false,,,,,,,,
550e8400-e29b-41d4-a716-000000001088,2026-08-18,火,1,◇シミュレーション,高橋善明,シミュレーションルーム,08:50:00,10:20:00,2026-04-01 00:00:00+00,6,,false,,,,,,,,
550e8400-e29b-41d4-a716-000000001089,2026-08-19,水,1,◇シミュレーション,高橋善明,シミュレーションルーム,08:50:00,10:20:00,2026-04-01 00:00:00+00,6,,false,,,,,,,,
550e8400-e29b-41d4-a716-000000001090,2026-08-21,金,1,卒業試験 内科学(第1回),,臨床大,08:50:00,10:20:00,2026-04-01 00:00:00+00,6,,false,,,,,,,,
550e8400-e29b-41d4-a716-000000001091,2026-08-25,火,1,◇シミュレーション,高橋善明,シミュレーションルーム,08:50:00,10:20:00,2026-04-01 00:00:00+00,6,,false,,,,,,,,
550e8400-e29b-41d4-a716-000000001092,2026-08-26,水,1,◇シミュレーション,高橋善明,シミュレーションルーム,08:50:00,10:20:00,2026-04-01 00:00:00+00,6,,false,,,,,,,,
550e8400-e29b-41d4-a716-000000001093,2026-09-01,火,1,◇臨床解剖学,三澤・今井,解剖実習室,08:50:00,10:20:00,2026-04-01 00:00:00+00,6,,false,,,,,,,,
550e8400-e29b-41d4-a716-000000001094,2026-09-02,水,1,◇臨床解剖学,増本・小川,解剖実習室,08:50:00,10:20:00,2026-04-01 00:00:00+00,6,,false,,,,,,,,
550e8400-e29b-41d4-a716-000000001095,2026-09-03,木,1,◇シミュレーション,齊藤岳児,シミュレーションルーム,08:50:00,10:20:00,2026-04-01 00:00:00+00,6,,false,,,,,,,,
550e8400-e29b-41d4-a716-000000001096,2026-09-04,金,1,◇シミュレーション,本田優希,シミュレーションルーム,08:50:00,10:20:00,2026-04-01 00:00:00+00,6,,false,,,,,,,,
550e8400-e29b-41d4-a716-000000001097,2026-09-04,金,2,◇シミュレーション,本田優希,シミュレーションルーム,10:30:00,12:00:00,2026-04-01 00:00:00+00,6,,false,,,,,,,,
550e8400-e29b-41d4-a716-000000001098,2026-09-07,月,1,◇臨床解剖学,黒住和彦,解剖実習室,08:50:00,10:20:00,2026-04-01 00:00:00+00,6,,false,,,,,,,,
550e8400-e29b-41d4-a716-000000001099,2026-09-08,火,1,◇臨床解剖学,本山大輔,解剖実習室,08:50:00,10:20:00,2026-04-01 00:00:00+00,6,,false,,,,,,,,
550e8400-e29b-41d4-a716-000000001100,2026-09-10,木,1,◇臨床解剖学,紫藤洋二,解剖実習室,08:50:00,10:20:00,2026-04-01 00:00:00+00,6,,false,,,,,,,,
550e8400-e29b-41d4-a716-000000001101,2026-09-10,木,2,◇臨床解剖学,紫藤洋二,解剖実習室,10:30:00,12:00:00,2026-04-01 00:00:00+00,6,,false,,,,,,,,
550e8400-e29b-41d4-a716-000000001102,2026-09-14,月,1,◇シミュレーション,齊藤岳児,シミュレーションルーム,08:50:00,10:20:00,2026-04-01 00:00:00+00,6,,false,,,,,,,,
550e8400-e29b-41d4-a716-000000001103,2026-09-15,火,1,卒業試験 眼科学・耳鼻咽喉科学・麻酔・集中治療医学,,臨床大,08:50:00,10:20:00,2026-04-01 00:00:00+00,6,,false,,,,,,,,
550e8400-e29b-41d4-a716-000000001104,2026-09-16,水,1,◇臨床解剖学,佐藤・小泉,解剖実習室,08:50:00,10:20:00,2026-04-01 00:00:00+00,6,,false,,,,,,,,
550e8400-e29b-41d4-a716-000000001105,2026-09-17,木,1,◇臨床解剖学,高梨・船井,解剖実習室,08:50:00,10:20:00,2026-04-01 00:00:00+00,6,,false,,,,,,,,
550e8400-e29b-41d4-a716-000000001106,2026-09-21,月,1,◇臨床解剖学,武田真,解剖実習室,08:50:00,10:20:00,2026-04-01 00:00:00+00,6,,false,,,,,,,,
550e8400-e29b-41d4-a716-000000001107,2026-09-22,火,1,◇臨床解剖学,阪田・犬塚,解剖実習室,08:50:00,10:20:00,2026-04-01 00:00:00+00,6,,false,,,,,,,,
550e8400-e29b-41d4-a716-000000001108,2026-09-24,木,1,◇臨床解剖学,村上・成味,解剖実習室,08:50:00,10:20:00,2026-04-01 00:00:00+00,6,,false,,,,,,,,
550e8400-e29b-41d4-a716-000000001109,2026-09-24,木,2,◇臨床解剖学,村上・成味,解剖実習室,10:30:00,12:00:00,2026-04-01 00:00:00+00,6,,false,,,,,,,,
550e8400-e29b-41d4-a716-000000001110,2026-09-25,金,1,◇臨床解剖学,菊池寛利,解剖実習室,08:50:00,10:20:00,2026-04-01 00:00:00+00,6,,false,,,,,,,,
550e8400-e29b-41d4-a716-000000001111,2026-09-28,月,1,卒業試験 救急医学・泌尿器科学・臨床検査医学,,臨床大,08:50:00,10:20:00,2026-04-01 00:00:00+00,6,,false,,,,,,,,
550e8400-e29b-41d4-a716-000000001112,2026-09-29,火,1,◇シミュレーション,渥美生弘,シミュレーションルーム,08:50:00,10:20:00,2026-04-01 00:00:00+00,6,,false,,,,,,,,
550e8400-e29b-41d4-a716-000000001113,2026-09-30,水,1,卒業試験 病理診断学,,臨床大,08:50:00,10:20:00,2026-04-01 00:00:00+00,6,,false,,,,,,,,
550e8400-e29b-41d4-a716-000000001114,2026-10-01,木,1,◇臨床解剖学,宇佐美・兼子,解剖実習室,08:50:00,10:20:00,2026-04-01 00:00:00+00,6,,false,,,,,,,,
550e8400-e29b-41d4-a716-000000001115,2026-10-02,金,1,◇臨床解剖学,岡本一真,解剖実習室,08:50:00,10:20:00,2026-04-01 00:00:00+00,6,,false,,,,,,,,
550e8400-e29b-41d4-a716-000000001116,2026-10-05,月,1,◇シミュレーション,本田優希,シミュレーションルーム,08:50:00,10:20:00,2026-04-01 00:00:00+00,6,,false,,,,,,,,
550e8400-e29b-41d4-a716-000000001117,2026-10-06,火,1,◇シミュレーション,渥美生弘,シミュレーションルーム,08:50:00,10:20:00,2026-04-01 00:00:00+00,6,,false,,,,,,,,
550e8400-e29b-41d4-a716-000000001118,2026-10-08,木,1,卒業試験 放射線医学・家庭医療学・精神神経医学,,臨床大,08:50:00,10:20:00,2026-04-01 00:00:00+00,6,,false,,,,,,,,
550e8400-e29b-41d4-a716-000000001119,2026-10-16,金,1,医師国家試験出願説明会,,臨床大,08:50:00,10:20:00,2026-04-01 00:00:00+00,6,,false,,,,,,,,
550e8400-e29b-41d4-a716-000000001120,2026-10-19,月,1,卒業試験 外科学,,臨床大,08:50:00,10:20:00,2026-04-01 00:00:00+00,6,,false,,,,,,,,
550e8400-e29b-41d4-a716-000000001121,2026-10-28,水,1,卒業試験 内科学(第2回),,臨床大,08:50:00,10:20:00,2026-04-01 00:00:00+00,6,,false,,,,,,,,
550e8400-e29b-41d4-a716-000000001122,2026-11-01,日,1,医大祭,,,08:50:00,10:20:00,2026-04-01 00:00:00+00,6,,false,,,,,,,,
550e8400-e29b-41d4-a716-000000001123,2026-11-16,月,1,卒業試験 外科学（追再試）,,臨床大,08:50:00,10:20:00,2026-04-01 00:00:00+00,6,,false,,,,,,,,
550e8400-e29b-41d4-a716-000000001124,2026-11-17,火,1,臨床実習前OSCE（追再試）,,臨床大,08:50:00,10:20:00,2026-04-01 00:00:00+00,6,,false,,,,,,,,